bigram,total,pos1,pos2,hand1,hand2,finger1,finger2,row1,row2,hands,fingers,skip_fingers,dont_cross_home,same_row,home_row,columns,strum,strong_fingers
DJ,9.0,D,J,L,R,2,1,2,2,1.0,1.0,1.0,1.0,1.0,1.0,1.0,1.0,1.0
DK,9.0,D,K,L,R,2,2,2,2,1.0,1.0,1.0,1.0,1.0,1.0,1.0,1.0,1.0
FJ,9.0,F,J,L,R,1,1,2,2,1.0,1.0,1.0,1.0,1.0,1.0,1.0,1.0,1.0
FK,9.0,F,K,L,R,1,2,2,2,1.0,1.0,1.0,1.0,1.0,1.0,1.0,1.0,1.0
JD,9.0,J,D,R,L,1,2,2,2,1.0,1.0,1.0,1.0,1.0,1.0,1.0,1.0,1.0
JF,9.0,J,F,R,L,1,1,2,2,1.0,1.0,1.0,1.0,1.0,1.0,1.0,1.0,1.0
KD,9.0,K,D,R,L,2,2,2,2,1.0,1.0,1.0,1.0,1.0,1.0,1.0,1.0,1.0
KF,9.0,K,F,R,L,2,1,2,2,1.0,1.0,1.0,1.0,1.0,1.0,1.0,1.0,1.0
;D,8.5,;,D,R,L,4,2,2,2,1.0,1.0,1.0,1.0,1.0,1.0,1.0,1.0,0.5
;F,8.5,;,F,R,L,4,1,2,2,1.0,1.0,1.0,1.0,1.0,1.0,1.0,1.0,0.5
AJ,8.5,A,J,L,R,4,1,2,2,1.0,1.0,1.0,1.0,1.0,1.0,1.0,1.0,0.5
AK,8.5,A,K,L,R,4,2,2,2,1.0,1.0,1.0,1.0,1.0,1.0,1.0,1.0,0.5
D;,8.5,D,;,L,R,2,4,2,2,1.0,1.0,1.0,1.0,1.0,1.0,1.0,1.0,0.5
DH,8.5,D,H,L,R,2,1,2,2,1.0,1.0,1.0,1.0,1.0,1.0,0.5,1.0,1.0
DL,8.5,D,L,L,R,2,3,2,2,1.0,1.0,1.0,1.0,1.0,1.0,1.0,1.0,0.5
F;,8.5,F,;,L,R,1,4,2,2,1.0,1.0,1.0,1.0,1.0,1.0,1.0,1.0,0.5
FH,8.5,F,H,L,R,1,1,2,2,1.0,1.0,1.0,1.0,1.0,1.0,0.5,1.0,1.0
FL,8.5,F,L,L,R,1,3,2,2,1.0,1.0,1.0,1.0,1.0,1.0,1.0,1.0,0.5
GJ,8.5,G,J,L,R,1,1,2,2,1.0,1.0,1.0,1.0,1.0,1.0,0.5,1.0,1.0
GK,8.5,G,K,L,R,1,2,2,2,1.0,1.0,1.0,1.0,1.0,1.0,0.5,1.0,1.0
HD,8.5,H,D,R,L,1,2,2,2,1.0,1.0,1.0,1.0,1.0,1.0,0.5,1.0,1.0
HF,8.5,H,F,R,L,1,1,2,2,1.0,1.0,1.0,1.0,1.0,1.0,0.5,1.0,1.0
JA,8.5,J,A,R,L,1,4,2,2,1.0,1.0,1.0,1.0,1.0,1.0,1.0,1.0,0.5
JG,8.5,J,G,R,L,1,1,2,2,1.0,1.0,1.0,1.0,1.0,1.0,0.5,1.0,1.0
JS,8.5,J,S,R,L,1,3,2,2,1.0,1.0,1.0,1.0,1.0,1.0,1.0,1.0,0.5
KA,8.5,K,A,R,L,2,4,2,2,1.0,1.0,1.0,1.0,1.0,1.0,1.0,1.0,0.5
KG,8.5,K,G,R,L,2,1,2,2,1.0,1.0,1.0,1.0,1.0,1.0,0.5,1.0,1.0
KS,8.5,K,S,R,L,2,3,2,2,1.0,1.0,1.0,1.0,1.0,1.0,1.0,1.0,0.5
LD,8.5,L,D,R,L,3,2,2,2,1.0,1.0,1.0,1.0,1.0,1.0,1.0,1.0,0.5
LF,8.5,L,F,R,L,3,1,2,2,1.0,1.0,1.0,1.0,1.0,1.0,1.0,1.0,0.5
SJ,8.5,S,J,L,R,3,1,2,2,1.0,1.0,1.0,1.0,1.0,1.0,1.0,1.0,0.5
SK,8.5,S,K,L,R,3,2,2,2,1.0,1.0,1.0,1.0,1.0,1.0,1.0,1.0,0.5
'D,8.0,',D,R,L,4,2,2,2,1.0,1.0,1.0,1.0,1.0,1.0,0.5,1.0,0.5
'F,8.0,',F,R,L,4,1,2,2,1.0,1.0,1.0,1.0,1.0,1.0,0.5,1.0,0.5
",C",8.0,",",C,R,L,2,2,3,3,1.0,1.0,1.0,1.0,1.0,0.0,1.0,1.0,1.0
",V",8.0,",",V,R,L,2,1,3,3,1.0,1.0,1.0,1.0,1.0,0.0,1.0,1.0,1.0
;A,8.0,;,A,R,L,4,4,2,2,1.0,1.0,1.0,1.0,1.0,1.0,1.0,1.0,0.0
;G,8.0,;,G,R,L,4,1,2,2,1.0,1.0,1.0,1.0,1.0,1.0,0.5,1.0,0.5
;S,8.0,;,S,R,L,4,3,2,2,1.0,1.0,1.0,1.0,1.0,1.0,1.0,1.0,0.0
A;,8.0,A,;,L,R,4,4,2,2,1.0,1.0,1.0,1.0,1.0,1.0,1.0,1.0,0.0
AH,8.0,A,H,L,R,4,1,2,2,1.0,1.0,1.0,1.0,1.0,1.0,0.5,1.0,0.5
AL,8.0,A,L,L,R,4,3,2,2,1.0,1.0,1.0,1.0,1.0,1.0,1.0,1.0,0.0
"C,",8.0,C,",",L,R,2,2,3,3,1.0,1.0,1.0,1.0,1.0,0.0,1.0,1.0,1.0
CM,8.0,C,M,L,R,2,1,3,3,1.0,1.0,1.0,1.0,1.0,0.0,1.0,1.0,1.0
D',8.0,D,',L,R,2,4,2,2,1.0,1.0,1.0,1.0,1.0,1.0,0.5,1.0,0.5
EI,8.0,E,I,L,R,2,2,1,1,1.0,1.0,1.0,1.0,1.0,0.0,1.0,1.0,1.0
EU,8.0,E,U,L,R,2,1,1,1,1.0,1.0,1.0,1.0,1.0,0.0,1.0,1.0,1.0
F',8.0,F,',L,R,1,4,2,2,1.0,1.0,1.0,1.0,1.0,1.0,0.5,1.0,0.5
G;,8.0,G,;,L,R,1,4,2,2,1.0,1.0,1.0,1.0,1.0,1.0,0.5,1.0,0.5
GH,8.0,G,H,L,R,1,1,2,2,1.0,1.0,1.0,1.0,1.0,1.0,0.0,1.0,1.0
GL,8.0,G,L,L,R,1,3,2,2,1.0,1.0,1.0,1.0,1.0,1.0,0.5,1.0,0.5
HA,8.0,H,A,R,L,1,4,2,2,1.0,1.0,1.0,1.0,1.0,1.0,0.5,1.0,0.5
HG,8.0,H,G,R,L,1,1,2,2,1.0,1.0,1.0,1.0,1.0,1.0,0.0,1.0,1.0
HS,8.0,H,S,R,L,1,3,2,2,1.0,1.0,1.0,1.0,1.0,1.0,0.5,1.0,0.5
IE,8.0,I,E,R,L,2,2,1,1,1.0,1.0,1.0,1.0,1.0,0.0,1.0,1.0,1.0
IR,8.0,I,R,R,L,2,1,1,1,1.0,1.0,1.0,1.0,1.0,0.0,1.0,1.0,1.0
LA,8.0,L,A,R,L,3,4,2,2,1.0,1.0,1.0,1.0,1.0,1.0,1.0,1.0,0.0
LG,8.0,L,G,R,L,3,1,2,2,1.0,1.0,1.0,1.0,1.0,1.0,0.5,1.0,0.5
LS,8.0,L,S,R,L,3,3,2,2,1.0,1.0,1.0,1.0,1.0,1.0,1.0,1.0,0.0
MC,8.0,M,C,R,L,1,2,3,3,1.0,1.0,1.0,1.0,1.0,0.0,1.0,1.0,1.0
MV,8.0,M,V,R,L,1,1,3,3,1.0,1.0,1.0,1.0,1.0,0.0,1.0,1.0,1.0
RI,8.0,R,I,L,R,1,2,1,1,1.0,1.0,1.0,1.0,1.0,0.0,1.0,1.0,1.0
RU,8.0,R,U,L,R,1,1,1,1,1.0,1.0,1.0,1.0,1.0,0.0,1.0,1.0,1.0
S;,8.0,S,;,L,R,3,4,2,2,1.0,1.0,1.0,1.0,1.0,1.0,1.0,1.0,0.0
SH,8.0,S,H,L,R,3,1,2,2,1.0,1.0,1.0,1.0,1.0,1.0,0.5,1.0,0.5
SL,8.0,S,L,L,R,3,3,2,2,1.0,1.0,1.0,1.0,1.0,1.0,1.0,1.0,0.0
UE,8.0,U,E,R,L,1,2,1,1,1.0,1.0,1.0,1.0,1.0,0.0,1.0,1.0,1.0
UR,8.0,U,R,R,L,1,1,1,1,1.0,1.0,1.0,1.0,1.0,0.0,1.0,1.0,1.0
"V,",8.0,V,",",L,R,1,2,3,3,1.0,1.0,1.0,1.0,1.0,0.0,1.0,1.0,1.0
VM,8.0,V,M,L,R,1,1,3,3,1.0,1.0,1.0,1.0,1.0,0.0,1.0,1.0,1.0
'A,7.5,',A,R,L,4,4,2,2,1.0,1.0,1.0,1.0,1.0,1.0,0.5,1.0,0.0
'G,7.5,',G,R,L,4,1,2,2,1.0,1.0,1.0,1.0,1.0,1.0,0.0,1.0,0.5
'S,7.5,',S,R,L,4,3,2,2,1.0,1.0,1.0,1.0,1.0,1.0,0.5,1.0,0.0
",B",7.5,",",B,R,L,2,1,3,3,1.0,1.0,1.0,1.0,1.0,0.0,0.5,1.0,1.0
",D",7.5,",",D,R,L,2,2,3,2,1.0,1.0,1.0,1.0,0.0,0.5,1.0,1.0,1.0
",F",7.5,",",F,R,L,2,1,3,2,1.0,1.0,1.0,1.0,0.0,0.5,1.0,1.0,1.0
",X",7.5,",",X,R,L,2,3,3,3,1.0,1.0,1.0,1.0,1.0,0.0,1.0,1.0,0.5
",Z",7.5,",",Z,R,L,2,4,3,3,1.0,1.0,1.0,1.0,1.0,0.0,1.0,1.0,0.5
.C,7.5,.,C,R,L,3,2,3,3,1.0,1.0,1.0,1.0,1.0,0.0,1.0,1.0,0.5
.V,7.5,.,V,R,L,3,1,3,3,1.0,1.0,1.0,1.0,1.0,0.0,1.0,1.0,0.5
/C,7.5,/,C,R,L,4,2,3,3,1.0,1.0,1.0,1.0,1.0,0.0,1.0,1.0,0.5
/V,7.5,/,V,R,L,4,1,3,3,1.0,1.0,1.0,1.0,1.0,0.0,1.0,1.0,0.5
;J,7.5,;,J,R,R,4,1,2,2,0.0,1.0,1.0,1.0,1.0,1.0,1.0,1.0,0.5
A',7.5,A,',L,R,4,4,2,2,1.0,1.0,1.0,1.0,1.0,1.0,0.5,1.0,0.0
AF,7.5,A,F,L,L,4,1,2,2,0.0,1.0,1.0,1.0,1.0,1.0,1.0,1.0,0.5
"B,",7.5,B,",",L,R,1,2,3,3,1.0,1.0,1.0,1.0,1.0,0.0,0.5,1.0,1.0
BM,7.5,B,M,L,R,1,1,3,3,1.0,1.0,1.0,1.0,1.0,0.0,0.5,1.0,1.0
C.,7.5,C,.,L,R,2,3,3,3,1.0,1.0,1.0,1.0,1.0,0.0,1.0,1.0,0.5
C/,7.5,C,/,L,R,2,4,3,3,1.0,1.0,1.0,1.0,1.0,0.0,1.0,1.0,0.5
CJ,7.5,C,J,L,R,2,1,3,2,1.0,1.0,1.0,1.0,0.0,0.5,1.0,1.0,1.0
CK,7.5,C,K,L,R,2,2,3,2,1.0,1.0,1.0,1.0,0.0,0.5,1.0,1.0,1.0
CN,7.5,C,N,L,R,2,1,3,3,1.0,1.0,1.0,1.0,1.0,0.0,0.5,1.0,1.0
"D,",7.5,D,",",L,R,2,2,2,3,1.0,1.0,1.0,1.0,0.0,0.5,1.0,1.0,1.0
DI,7.5,D,I,L,R,2,2,2,1,1.0,1.0,1.0,1.0,0.0,0.5,1.0,1.0,1.0
DM,7.5,D,M,L,R,2,1,2,3,1.0,1.0,1.0,1.0,0.0,0.5,1.0,1.0,1.0
DU,7.5,D,U,L,R,2,1,2,1,1.0,1.0,1.0,1.0,0.0,0.5,1.0,1.0,1.0
EJ,7.5,E,J,L,R,2,1,1,2,1.0,1.0,1.0,1.0,0.0,0.5,1.0,1.0,1.0
EK,7.5,E,K,L,R,2,2,1,2,1.0,1.0,1.0,1.0,0.0,0.5,1.0,1.0,1.0
EO,7.5,E,O,L,R,2,3,1,1,1.0,1.0,1.0,1.0,1.0,0.0,1.0,1.0,0.5
EP,7.5,E,P,L,R,2,4,1,1,1.0,1.0,1.0,1.0,1.0,0.0,1.0,1.0,0.5
EY,7.5,E,Y,L,R,2,1,1,1,1.0,1.0,1.0,1.0,1.0,0.0,0.5,1.0,1.0
"F,",7.5,F,",",L,R,1,2,2,3,1.0,1.0,1.0,1.0,0.0,0.5,1.0,1.0,1.0
FI,7.5,F,I,L,R,1,2,2,1,1.0,1.0,1.0,1.0,0.0,0.5,1.0,1.0,1.0
FM,7.5,F,M,L,R,1,1,2,3,1.0,1.0,1.0,1.0,0.0,0.5,1.0,1.0,1.0
FU,7.5,F,U,L,R,1,1,2,1,1.0,1.0,1.0,1.0,0.0,0.5,1.0,1.0,1.0
G',7.5,G,',L,R,1,4,2,2,1.0,1.0,1.0,1.0,1.0,1.0,0.0,1.0,0.5
ID,7.5,I,D,R,L,2,2,1,2,1.0,1.0,1.0,1.0,0.0,0.5,1.0,1.0,1.0
IF,7.5,I,F,R,L,2,1,1,2,1.0,1.0,1.0,1.0,0.0,0.5,1.0,1.0,1.0
IQ,7.5,I,Q,R,L,2,4,1,1,1.0,1.0,1.0,1.0,1.0,0.0,1.0,1.0,0.5
IT,7.5,I,T,R,L,2,1,1,1,1.0,1.0,1.0,1.0,1.0,0.0,0.5,1.0,1.0
IW,7.5,I,W,R,L,2,3,1,1,1.0,1.0,1.0,1.0,1.0,0.0,1.0,1.0,0.5
JC,7.5,J,C,R,L,1,2,2,3,1.0,1.0,1.0,1.0,0.0,0.5,1.0,1.0,1.0
JE,7.5,J,E,R,L,1,2,2,1,1.0,1.0,1.0,1.0,0.0,0.5,1.0,1.0,1.0
JR,7.5,J,R,R,L,1,1,2,1,1.0,1.0,1.0,1.0,0.0,0.5,1.0,1.0,1.0
JV,7.5,J,V,R,L,1,1,2,3,1.0,1.0,1.0,1.0,0.0,0.5,1.0,1.0,1.0
KC,7.5,K,C,R,L,2,2,2,3,1.0,1.0,1.0,1.0,0.0,0.5,1.0,1.0,1.0
KE,7.5,K,E,R,L,2,2,2,1,1.0,1.0,1.0,1.0,0.0,0.5,1.0,1.0,1.0
KR,7.5,K,R,R,L,2,1,2,1,1.0,1.0,1.0,1.0,0.0,0.5,1.0,1.0,1.0
KV,7.5,K,V,R,L,2,1,2,3,1.0,1.0,1.0,1.0,0.0,0.5,1.0,1.0,1.0
MB,7.5,M,B,R,L,1,1,3,3,1.0,1.0,1.0,1.0,1.0,0.0,0.5,1.0,1.0
MD,7.5,M,D,R,L,1,2,3,2,1.0,1.0,1.0,1.0,0.0,0.5,1.0,1.0,1.0
MF,7.5,M,F,R,L,1,1,3,2,1.0,1.0,1.0,1.0,0.0,0.5,1.0,1.0,1.0
MX,7.5,M,X,R,L,1,3,3,3,1.0,1.0,1.0,1.0,1.0,0.0,1.0,1.0,0.5
MZ,7.5,M,Z,R,L,1,4,3,3,1.0,1.0,1.0,1.0,1.0,0.0,1.0,1.0,0.5
NC,7.5,N,C,R,L,1,2,3,3,1.0,1.0,1.0,1.0,1.0,0.0,0.5,1.0,1.0
NV,7.5,N,V,R,L,1,1,3,3,1.0,1.0,1.0,1.0,1.0,0.0,0.5,1.0,1.0
OE,7.5,O,E,R,L,3,2,1,1,1.0,1.0,1.0,1.0,1.0,0.0,1.0,1.0,0.5
OR,7.5,O,R,R,L,3,1,1,1,1.0,1.0,1.0,1.0,1.0,0.0,1.0,1.0,0.5
PE,7.5,P,E,R,L,4,2,1,1,1.0,1.0,1.0,1.0,1.0,0.0,1.0,1.0,0.5
PR,7.5,P,R,R,L,4,1,1,1,1.0,1.0,1.0,1.0,1.0,0.0,1.0,1.0,0.5
QI,7.5,Q,I,L,R,4,2,1,1,1.0,1.0,1.0,1.0,1.0,0.0,1.0,1.0,0.5
QU,7.5,Q,U,L,R,4,1,1,1,1.0,1.0,1.0,1.0,1.0,0.0,1.0,1.0,0.5
RJ,7.5,R,J,L,R,1,1,1,2,1.0,1.0,1.0,1.0,0.0,0.5,1.0,1.0,1.0
RK,7.5,R,K,L,R,1,2,1,2,1.0,1.0,1.0,1.0,0.0,0.5,1.0,1.0,1.0
RO,7.5,R,O,L,R,1,3,1,1,1.0,1.0,1.0,1.0,1.0,0.0,1.0,1.0,0.5
RP,7.5,R,P,L,R,1,4,1,1,1.0,1.0,1.0,1.0,1.0,0.0,1.0,1.0,0.5
RY,7.5,R,Y,L,R,1,1,1,1,1.0,1.0,1.0,1.0,1.0,0.0,0.5,1.0,1.0
S',7.5,S,',L,R,3,4,2,2,1.0,1.0,1.0,1.0,1.0,1.0,0.5,1.0,0.0
TI,7.5,T,I,L,R,1,2,1,1,1.0,1.0,1.0,1.0,1.0,0.0,0.5,1.0,1.0
TU,7.5,T,U,L,R,1,1,1,1,1.0,1.0,1.0,1.0,1.0,0.0,0.5,1.0,1.0
UD,7.5,U,D,R,L,1,2,1,2,1.0,1.0,1.0,1.0,0.0,0.5,1.0,1.0,1.0
UF,7.5,U,F,R,L,1,1,1,2,1.0,1.0,1.0,1.0,0.0,0.5,1.0,1.0,1.0
UQ,7.5,U,Q,R,L,1,4,1,1,1.0,1.0,1.0,1.0,1.0,0.0,1.0,1.0,0.5
UT,7.5,U,T,R,L,1,1,1,1,1.0,1.0,1.0,1.0,1.0,0.0,0.5,1.0,1.0
UW,7.5,U,W,R,L,1,3,1,1,1.0,1.0,1.0,1.0,1.0,0.0,1.0,1.0,0.5
V.,7.5,V,.,L,R,1,3,3,3,1.0,1.0,1.0,1.0,1.0,0.0,1.0,1.0,0.5
V/,7.5,V,/,L,R,1,4,3,3,1.0,1.0,1.0,1.0,1.0,0.0,1.0,1.0,0.5
VJ,7.5,V,J,L,R,1,1,3,2,1.0,1.0,1.0,1.0,0.0,0.5,1.0,1.0,1.0
VK,7.5,V,K,L,R,1,2,3,2,1.0,1.0,1.0,1.0,0.0,0.5,1.0,1.0,1.0
VN,7.5,V,N,L,R,1,1,3,3,1.0,1.0,1.0,1.0,1.0,0.0,0.5,1.0,1.0
WI,7.5,W,I,L,R,3,2,1,1,1.0,1.0,1.0,1.0,1.0,0.0,1.0,1.0,0.5
WU,7.5,W,U,L,R,3,1,1,1,1.0,1.0,1.0,1.0,1.0,0.0,1.0,1.0,0.5
"X,",7.5,X,",",L,R,3,2,3,3,1.0,1.0,1.0,1.0,1.0,0.0,1.0,1.0,0.5
XM,7.5,X,M,L,R,3,1,3,3,1.0,1.0,1.0,1.0,1.0,0.0,1.0,1.0,0.5
YE,7.5,Y,E,R,L,1,2,1,1,1.0,1.0,1.0,1.0,1.0,0.0,0.5,1.0,1.0
YR,7.5,Y,R,R,L,1,1,1,1,1.0,1.0,1.0,1.0,1.0,0.0,0.5,1.0,1.0
"Z,",7.5,Z,",",L,R,4,2,3,3,1.0,1.0,1.0,1.0,1.0,0.0,1.0,1.0,0.5
ZM,7.5,Z,M,L,R,4,1,3,3,1.0,1.0,1.0,1.0,1.0,0.0,1.0,1.0,0.5
'J,7.0,',J,R,R,4,1,2,2,0.0,1.0,1.0,1.0,1.0,1.0,0.5,1.0,0.5
",A",7.0,",",A,R,L,2,4,3,2,1.0,1.0,1.0,1.0,0.0,0.5,1.0,1.0,0.5
",E",7.0,",",E,R,L,2,2,3,1,1.0,1.0,1.0,1.0,0.0,0.0,1.0,1.0,1.0
",G",7.0,",",G,R,L,2,1,3,2,1.0,1.0,1.0,1.0,0.0,0.5,0.5,1.0,1.0
",R",7.0,",",R,R,L,2,1,3,1,1.0,1.0,1.0,1.0,0.0,0.0,1.0,1.0,1.0
",S",7.0,",",S,R,L,2,3,3,2,1.0,1.0,1.0,1.0,0.0,0.5,1.0,1.0,0.5
.B,7.0,.,B,R,L,3,1,3,3,1.0,1.0,1.0,1.0,1.0,0.0,0.5,1.0,0.5
.D,7.0,.,D,R,L,3,2,3,2,1.0,1.0,1.0,1.0,0.0,0.5,1.0,1.0,0.5
.F,7.0,.,F,R,L,3,1,3,2,1.0,1.0,1.0,1.0,0.0,0.5,1.0,1.0,0.5
.X,7.0,.,X,R,L,3,3,3,3,1.0,1.0,1.0,1.0,1.0,0.0,1.0,1.0,0.0
.Z,7.0,.,Z,R,L,3,4,3,3,1.0,1.0,1.0,1.0,1.0,0.0,1.0,1.0,0.0
/B,7.0,/,B,R,L,4,1,3,3,1.0,1.0,1.0,1.0,1.0,0.0,0.5,1.0,0.5
/D,7.0,/,D,R,L,4,2,3,2,1.0,1.0,1.0,1.0,0.0,0.5,1.0,1.0,0.5
/F,7.0,/,F,R,L,4,1,3,2,1.0,1.0,1.0,1.0,0.0,0.5,1.0,1.0,0.5
/X,7.0,/,X,R,L,4,3,3,3,1.0,1.0,1.0,1.0,1.0,0.0,1.0,1.0,0.0
/Z,7.0,/,Z,R,L,4,4,3,3,1.0,1.0,1.0,1.0,1.0,0.0,1.0,1.0,0.0
;C,7.0,;,C,R,L,4,2,2,3,1.0,1.0,1.0,1.0,0.0,0.5,1.0,1.0,0.5
;E,7.0,;,E,R,L,4,2,2,1,1.0,1.0,1.0,1.0,0.0,0.5,1.0,1.0,0.5
;H,7.0,;,H,R,R,4,1,2,2,0.0,1.0,1.0,1.0,1.0,1.0,0.5,1.0,0.5
;K,7.0,;,K,R,R,4,2,2,2,0.0,1.0,0.5,1.0,1.0,1.0,1.0,1.0,0.5
;R,7.0,;,R,R,L,4,1,2,1,1.0,1.0,1.0,1.0,0.0,0.5,1.0,1.0,0.5
;V,7.0,;,V,R,L,4,1,2,3,1.0,1.0,1.0,1.0,0.0,0.5,1.0,1.0,0.5
"A,",7.0,A,",",L,R,4,2,2,3,1.0,1.0,1.0,1.0,0.0,0.5,1.0,1.0,0.5
AD,7.0,A,D,L,L,4,2,2,2,0.0,1.0,0.5,1.0,1.0,1.0,1.0,1.0,0.5
AG,7.0,A,G,L,L,4,1,2,2,0.0,1.0,1.0,1.0,1.0,1.0,0.5,1.0,0.5
AI,7.0,A,I,L,R,4,2,2,1,1.0,1.0,1.0,1.0,0.0,0.5,1.0,1.0,0.5
AM,7.0,A,M,L,R,4,1,2,3,1.0,1.0,1.0,1.0,0.0,0.5,1.0,1.0,0.5
AU,7.0,A,U,L,R,4,1,2,1,1.0,1.0,1.0,1.0,0.0,0.5,1.0,1.0,0.5
B.,7.0,B,.,L,R,1,3,3,3,1.0,1.0,1.0,1.0,1.0,0.0,0.5,1.0,0.5
B/,7.0,B,/,L,R,1,4,3,3,1.0,1.0,1.0,1.0,1.0,0.0,0.5,1.0,0.5
BJ,7.0,B,J,L,R,1,1,3,2,1.0,1.0,1.0,1.0,0.0,0.5,0.5,1.0,1.0
BK,7.0,B,K,L,R,1,2,3,2,1.0,1.0,1.0,1.0,0.0,0.5,0.5,1.0,1.0
BN,7.0,B,N,L,R,1,1,3,3,1.0,1.0,1.0,1.0,1.0,0.0,0.0,1.0,1.0
C;,7.0,C,;,L,R,2,4,3,2,1.0,1.0,1.0,1.0,0.0,0.5,1.0,1.0,0.5
CH,7.0,C,H,L,R,2,1,3,2,1.0,1.0,1.0,1.0,0.0,0.5,0.5,1.0,1.0
CI,7.0,C,I,L,R,2,2,3,1,1.0,1.0,1.0,1.0,0.0,0.0,1.0,1.0,1.0
CL,7.0,C,L,L,R,2,3,3,2,1.0,1.0,1.0,1.0,0.0,0.5,1.0,1.0,0.5
CU,7.0,C,U,L,R,2,1,3,1,1.0,1.0,1.0,1.0,0.0,0.0,1.0,1.0,1.0
D.,7.0,D,.,L,R,2,3,2,3,1.0,1.0,1.0,1.0,0.0,0.5,1.0,1.0,0.5
D/,7.0,D,/,L,R,2,4,2,3,1.0,1.0,1.0,1.0,0.0,0.5,1.0,1.0,0.5
DF,7.0,D,F,L,L,2,1,2,2,0.0,1.0,0,1.0,1.0,1.0,1.0,1.0,1.0
DN,7.0,D,N,L,R,2,1,2,3,1.0,1.0,1.0,1.0,0.0,0.5,0.5,1.0,1.0
DO,7.0,D,O,L,R,2,3,2,1,1.0,1.0,1.0,1.0,0.0,0.5,1.0,1.0,0.5
DP,7.0,D,P,L,R,2,4,2,1,1.0,1.0,1.0,1.0,0.0,0.5,1.0,1.0,0.5
DY,7.0,D,Y,L,R,2,1,2,1,1.0,1.0,1.0,1.0,0.0,0.5,0.5,1.0,1.0
"E,",7.0,E,",",L,R,2,2,1,3,1.0,1.0,1.0,1.0,0.0,0.0,1.0,1.0,1.0
E;,7.0,E,;,L,R,2,4,1,2,1.0,1.0,1.0,1.0,0.0,0.5,1.0,1.0,0.5
EH,7.0,E,H,L,R,2,1,1,2,1.0,1.0,1.0,1.0,0.0,0.5,0.5,1.0,1.0
EL,7.0,E,L,L,R,2,3,1,2,1.0,1.0,1.0,1.0,0.0,0.5,1.0,1.0,0.5
EM,7.0,E,M,L,R,2,1,1,3,1.0,1.0,1.0,1.0,0.0,0.0,1.0,1.0,1.0
E[,7.0,E,[,L,R,2,4,1,1,1.0,1.0,1.0,1.0,1.0,0.0,0.5,1.0,0.5
F.,7.0,F,.,L,R,1,3,2,3,1.0,1.0,1.0,1.0,0.0,0.5,1.0,1.0,0.5
F/,7.0,F,/,L,R,1,4,2,3,1.0,1.0,1.0,1.0,0.0,0.5,1.0,1.0,0.5
FN,7.0,F,N,L,R,1,1,2,3,1.0,1.0,1.0,1.0,0.0,0.5,0.5,1.0,1.0
FO,7.0,F,O,L,R,1,3,2,1,1.0,1.0,1.0,1.0,0.0,0.5,1.0,1.0,0.5
FP,7.0,F,P,L,R,1,4,2,1,1.0,1.0,1.0,1.0,0.0,0.5,1.0,1.0,0.5
FY,7.0,F,Y,L,R,1,1,2,1,1.0,1.0,1.0,1.0,0.0,0.5,0.5,1.0,1.0
"G,",7.0,G,",",L,R,1,2,2,3,1.0,1.0,1.0,1.0,0.0,0.5,0.5,1.0,1.0
GI,7.0,G,I,L,R,1,2,2,1,1.0,1.0,1.0,1.0,0.0,0.5,0.5,1.0,1.0
GM,7.0,G,M,L,R,1,1,2,3,1.0,1.0,1.0,1.0,0.0,0.5,0.5,1.0,1.0
GU,7.0,G,U,L,R,1,1,2,1,1.0,1.0,1.0,1.0,0.0,0.5,0.5,1.0,1.0
HC,7.0,H,C,R,L,1,2,2,3,1.0,1.0,1.0,1.0,0.0,0.5,0.5,1.0,1.0
HE,7.0,H,E,R,L,1,2,2,1,1.0,1.0,1.0,1.0,0.0,0.5,0.5,1.0,1.0
HR,7.0,H,R,R,L,1,1,2,1,1.0,1.0,1.0,1.0,0.0,0.5,0.5,1.0,1.0
HV,7.0,H,V,R,L,1,1,2,3,1.0,1.0,1.0,1.0,0.0,0.5,0.5,1.0,1.0
IA,7.0,I,A,R,L,2,4,1,2,1.0,1.0,1.0,1.0,0.0,0.5,1.0,1.0,0.5
IC,7.0,I,C,R,L,2,2,1,3,1.0,1.0,1.0,1.0,0.0,0.0,1.0,1.0,1.0
IG,7.0,I,G,R,L,2,1,1,2,1.0,1.0,1.0,1.0,0.0,0.5,0.5,1.0,1.0
IS,7.0,I,S,R,L,2,3,1,2,1.0,1.0,1.0,1.0,0.0,0.5,1.0,1.0,0.5
IV,7.0,I,V,R,L,2,1,1,3,1.0,1.0,1.0,1.0,0.0,0.0,1.0,1.0,1.0
JB,7.0,J,B,R,L,1,1,2,3,1.0,1.0,1.0,1.0,0.0,0.5,0.5,1.0,1.0
JQ,7.0,J,Q,R,L,1,4,2,1,1.0,1.0,1.0,1.0,0.0,0.5,1.0,1.0,0.5
JT,7.0,J,T,R,L,1,1,2,1,1.0,1.0,1.0,1.0,0.0,0.5,0.5,1.0,1.0
JW,7.0,J,W,R,L,1,3,2,1,1.0,1.0,1.0,1.0,0.0,0.5,1.0,1.0,0.5
JX,7.0,J,X,R,L,1,3,2,3,1.0,1.0,1.0,1.0,0.0,0.5,1.0,1.0,0.5
JZ,7.0,J,Z,R,L,1,4,2,3,1.0,1.0,1.0,1.0,0.0,0.5,1.0,1.0,0.5
KB,7.0,K,B,R,L,2,1,2,3,1.0,1.0,1.0,1.0,0.0,0.5,0.5,1.0,1.0
KJ,7.0,K,J,R,R,2,1,2,2,0.0,1.0,0,1.0,1.0,1.0,1.0,1.0,1.0
KQ,7.0,K,Q,R,L,2,4,2,1,1.0,1.0,1.0,1.0,0.0,0.5,1.0,1.0,0.5
KT,7.0,K,T,R,L,2,1,2,1,1.0,1.0,1.0,1.0,0.0,0.5,0.5,1.0,1.0
KW,7.0,K,W,R,L,2,3,2,1,1.0,1.0,1.0,1.0,0.0,0.5,1.0,1.0,0.5
KX,7.0,K,X,R,L,2,3,2,3,1.0,1.0,1.0,1.0,0.0,0.5,1.0,1.0,0.5
KZ,7.0,K,Z,R,L,2,4,2,3,1.0,1.0,1.0,1.0,0.0,0.5,1.0,1.0,0.5
LC,7.0,L,C,R,L,3,2,2,3,1.0,1.0,1.0,1.0,0.0,0.5,1.0,1.0,0.5
LE,7.0,L,E,R,L,3,2,2,1,1.0,1.0,1.0,1.0,0.0,0.5,1.0,1.0,0.5
LJ,7.0,L,J,R,R,3,1,2,2,0.0,1.0,0.5,1.0,1.0,1.0,1.0,1.0,0.5
LR,7.0,L,R,R,L,3,1,2,1,1.0,1.0,1.0,1.0,0.0,0.5,1.0,1.0,0.5
LV,7.0,L,V,R,L,3,1,2,3,1.0,1.0,1.0,1.0,0.0,0.5,1.0,1.0,0.5
MA,7.0,M,A,R,L,1,4,3,2,1.0,1.0,1.0,1.0,0.0,0.5,1.0,1.0,0.5
ME,7.0,M,E,R,L,1,2,3,1,1.0,1.0,1.0,1.0,0.0,0.0,1.0,1.0,1.0
MG,7.0,M,G,R,L,1,1,3,2,1.0,1.0,1.0,1.0,0.0,0.5,0.5,1.0,1.0
MR,7.0,M,R,R,L,1,1,3,1,1.0,1.0,1.0,1.0,0.0,0.0,1.0,1.0,1.0
MS,7.0,M,S,R,L,1,3,3,2,1.0,1.0,1.0,1.0,0.0,0.5,1.0,1.0,0.5
NB,7.0,N,B,R,L,1,1,3,3,1.0,1.0,1.0,1.0,1.0,0.0,0.0,1.0,1.0
ND,7.0,N,D,R,L,1,2,3,2,1.0,1.0,1.0,1.0,0.0,0.5,0.5,1.0,1.0
NF,7.0,N,F,R,L,1,1,3,2,1.0,1.0,1.0,1.0,0.0,0.5,0.5,1.0,1.0
NX,7.0,N,X,R,L,1,3,3,3,1.0,1.0,1.0,1.0,1.0,0.0,0.5,1.0,0.5
NZ,7.0,N,Z,R,L,1,4,3,3,1.0,1.0,1.0,1.0,1.0,0.0,0.5,1.0,0.5
OD,7.0,O,D,R,L,3,2,1,2,1.0,1.0,1.0,1.0,0.0,0.5,1.0,1.0,0.5
OF,7.0,O,F,R,L,3,1,1,2,1.0,1.0,1.0,1.0,0.0,0.5,1.0,1.0,0.5
OQ,7.0,O,Q,R,L,3,4,1,1,1.0,1.0,1.0,1.0,1.0,0.0,1.0,1.0,0.0
OT,7.0,O,T,R,L,3,1,1,1,1.0,1.0,1.0,1.0,1.0,0.0,0.5,1.0,0.5
OW,7.0,O,W,R,L,3,3,1,1,1.0,1.0,1.0,1.0,1.0,0.0,1.0,1.0,0.0
PD,7.0,P,D,R,L,4,2,1,2,1.0,1.0,1.0,1.0,0.0,0.5,1.0,1.0,0.5
PF,7.0,P,F,R,L,4,1,1,2,1.0,1.0,1.0,1.0,0.0,0.5,1.0,1.0,0.5
PQ,7.0,P,Q,R,L,4,4,1,1,1.0,1.0,1.0,1.0,1.0,0.0,1.0,1.0,0.0
PT,7.0,P,T,R,L,4,1,1,1,1.0,1.0,1.0,1.0,1.0,0.0,0.5,1.0,0.5
PW,7.0,P,W,R,L,4,3,1,1,1.0,1.0,1.0,1.0,1.0,0.0,1.0,1.0,0.0
QJ,7.0,Q,J,L,R,4,1,1,2,1.0,1.0,1.0,1.0,0.0,0.5,1.0,1.0,0.5
QK,7.0,Q,K,L,R,4,2,1,2,1.0,1.0,1.0,1.0,0.0,0.5,1.0,1.0,0.5
QO,7.0,Q,O,L,R,4,3,1,1,1.0,1.0,1.0,1.0,1.0,0.0,1.0,1.0,0.0
QP,7.0,Q,P,L,R,4,4,1,1,1.0,1.0,1.0,1.0,1.0,0.0,1.0,1.0,0.0
QY,7.0,Q,Y,L,R,4,1,1,1,1.0,1.0,1.0,1.0,1.0,0.0,0.5,1.0,0.5
"R,",7.0,R,",",L,R,1,2,1,3,1.0,1.0,1.0,1.0,0.0,0.0,1.0,1.0,1.0
R;,7.0,R,;,L,R,1,4,1,2,1.0,1.0,1.0,1.0,0.0,0.5,1.0,1.0,0.5
RH,7.0,R,H,L,R,1,1,1,2,1.0,1.0,1.0,1.0,0.0,0.5,0.5,1.0,1.0
RL,7.0,R,L,L,R,1,3,1,2,1.0,1.0,1.0,1.0,0.0,0.5,1.0,1.0,0.5
RM,7.0,R,M,L,R,1,1,1,3,1.0,1.0,1.0,1.0,0.0,0.0,1.0,1.0,1.0
R[,7.0,R,[,L,R,1,4,1,1,1.0,1.0,1.0,1.0,1.0,0.0,0.5,1.0,0.5
"S,",7.0,S,",",L,R,3,2,2,3,1.0,1.0,1.0,1.0,0.0,0.5,1.0,1.0,0.5
SF,7.0,S,F,L,L,3,1,2,2,0.0,1.0,0.5,1.0,1.0,1.0,1.0,1.0,0.5
SI,7.0,S,I,L,R,3,2,2,1,1.0,1.0,1.0,1.0,0.0,0.5,1.0,1.0,0.5
SM,7.0,S,M,L,R,3,1,2,3,1.0,1.0,1.0,1.0,0.0,0.5,1.0,1.0,0.5
SU,7.0,S,U,L,R,3,1,2,1,1.0,1.0,1.0,1.0,0.0,0.5,1.0,1.0,0.5
TJ,7.0,T,J,L,R,1,1,1,2,1.0,1.0,1.0,1.0,0.0,0.5,0.5,1.0,1.0
TK,7.0,T,K,L,R,1,2,1,2,1.0,1.0,1.0,1.0,0.0,0.5,0.5,1.0,1.0
TO,7.0,T,O,L,R,1,3,1,1,1.0,1.0,1.0,1.0,1.0,0.0,0.5,1.0,0.5
TP,7.0,T,P,L,R,1,4,1,1,1.0,1.0,1.0,1.0,1.0,0.0,0.5,1.0,0.5
TY,7.0,T,Y,L,R,1,1,1,1,1.0,1.0,1.0,1.0,1.0,0.0,0.0,1.0,1.0
UA,7.0,U,A,R,L,1,4,1,2,1.0,1.0,1.0,1.0,0.0,0.5,1.0,1.0,0.5
UC,7.0,U,C,R,L,1,2,1,3,1.0,1.0,1.0,1.0,0.0,0.0,1.0,1.0,1.0
UG,7.0,U,G,R,L,1,1,1,2,1.0,1.0,1.0,1.0,0.0,0.5,0.5,1.0,1.0
US,7.0,U,S,R,L,1,3,1,2,1.0,1.0,1.0,1.0,0.0,0.5,1.0,1.0,0.5
UV,7.0,U,V,R,L,1,1,1,3,1.0,1.0,1.0,1.0,0.0,0.0,1.0,1.0,1.0
V;,7.0,V,;,L,R,1,4,3,2,1.0,1.0,1.0,1.0,0.0,0.5,1.0,1.0,0.5
VH,7.0,V,H,L,R,1,1,3,2,1.0,1.0,1.0,1.0,0.0,0.5,0.5,1.0,1.0
VI,7.0,V,I,L,R,1,2,3,1,1.0,1.0,1.0,1.0,0.0,0.0,1.0,1.0,1.0
VL,7.0,V,L,L,R,1,3,3,2,1.0,1.0,1.0,1.0,0.0,0.5,1.0,1.0,0.5
VU,7.0,V,U,L,R,1,1,3,1,1.0,1.0,1.0,1.0,0.0,0.0,1.0,1.0,1.0
WJ,7.0,W,J,L,R,3,1,1,2,1.0,1.0,1.0,1.0,0.0,0.5,1.0,1.0,0.5
WK,7.0,W,K,L,R,3,2,1,2,1.0,1.0,1.0,1.0,0.0,0.5,1.0,1.0,0.5
WO,7.0,W,O,L,R,3,3,1,1,1.0,1.0,1.0,1.0,1.0,0.0,1.0,1.0,0.0
WP,7.0,W,P,L,R,3,4,1,1,1.0,1.0,1.0,1.0,1.0,0.0,1.0,1.0,0.0
WY,7.0,W,Y,L,R,3,1,1,1,1.0,1.0,1.0,1.0,1.0,0.0,0.5,1.0,0.5
X.,7.0,X,.,L,R,3,3,3,3,1.0,1.0,1.0,1.0,1.0,0.0,1.0,1.0,0.0
X/,7.0,X,/,L,R,3,4,3,3,1.0,1.0,1.0,1.0,1.0,0.0,1.0,1.0,0.0
XJ,7.0,X,J,L,R,3,1,3,2,1.0,1.0,1.0,1.0,0.0,0.5,1.0,1.0,0.5
XK,7.0,X,K,L,R,3,2,3,2,1.0,1.0,1.0,1.0,0.0,0.5,1.0,1.0,0.5
XN,7.0,X,N,L,R,3,1,3,3,1.0,1.0,1.0,1.0,1.0,0.0,0.5,1.0,0.5
YD,7.0,Y,D,R,L,1,2,1,2,1.0,1.0,1.0,1.0,0.0,0.5,0.5,1.0,1.0
YF,7.0,Y,F,R,L,1,1,1,2,1.0,1.0,1.0,1.0,0.0,0.5,0.5,1.0,1.0
YQ,7.0,Y,Q,R,L,1,4,1,1,1.0,1.0,1.0,1.0,1.0,0.0,0.5,1.0,0.5
YT,7.0,Y,T,R,L,1,1,1,1,1.0,1.0,1.0,1.0,1.0,0.0,0.0,1.0,1.0
YW,7.0,Y,W,R,L,1,3,1,1,1.0,1.0,1.0,1.0,1.0,0.0,0.5,1.0,0.5
Z.,7.0,Z,.,L,R,4,3,3,3,1.0,1.0,1.0,1.0,1.0,0.0,1.0,1.0,0.0
Z/,7.0,Z,/,L,R,4,4,3,3,1.0,1.0,1.0,1.0,1.0,0.0,1.0,1.0,0.0
ZJ,7.0,Z,J,L,R,4,1,3,2,1.0,1.0,1.0,1.0,0.0,0.5,1.0,1.0,0.5
ZK,7.0,Z,K,L,R,4,2,3,2,1.0,1.0,1.0,1.0,0.0,0.5,1.0,1.0,0.5
ZN,7.0,Z,N,L,R,4,1,3,3,1.0,1.0,1.0,1.0,1.0,0.0,0.5,1.0,0.5
[E,7.0,[,E,R,L,4,2,1,1,1.0,1.0,1.0,1.0,1.0,0.0,0.5,1.0,0.5
[R,7.0,[,R,R,L,4,1,1,1,1.0,1.0,1.0,1.0,1.0,0.0,0.5,1.0,0.5
'C,6.5,',C,R,L,4,2,2,3,1.0,1.0,1.0,1.0,0.0,0.5,0.5,1.0,0.5
'E,6.5,',E,R,L,4,2,2,1,1.0,1.0,1.0,1.0,0.0,0.5,0.5,1.0,0.5
'H,6.5,',H,R,R,4,1,2,2,0.0,1.0,1.0,1.0,1.0,1.0,0.0,1.0,0.5
'K,6.5,',K,R,R,4,2,2,2,0.0,1.0,0.5,1.0,1.0,1.0,0.5,1.0,0.5
'R,6.5,',R,R,L,4,1,2,1,1.0,1.0,1.0,1.0,0.0,0.5,0.5,1.0,0.5
'V,6.5,',V,R,L,4,1,2,3,1.0,1.0,1.0,1.0,0.0,0.5,0.5,1.0,0.5
",Q",6.5,",",Q,R,L,2,4,3,1,1.0,1.0,1.0,1.0,0.0,0.0,1.0,1.0,0.5
",T",6.5,",",T,R,L,2,1,3,1,1.0,1.0,1.0,1.0,0.0,0.0,0.5,1.0,1.0
",W",6.5,",",W,R,L,2,3,3,1,1.0,1.0,1.0,1.0,0.0,0.0,1.0,1.0,0.5
.A,6.5,.,A,R,L,3,4,3,2,1.0,1.0,1.0,1.0,0.0,0.5,1.0,1.0,0.0
.E,6.5,.,E,R,L,3,2,3,1,1.0,1.0,1.0,1.0,0.0,0.0,1.0,1.0,0.5
.G,6.5,.,G,R,L,3,1,3,2,1.0,1.0,1.0,1.0,0.0,0.5,0.5,1.0,0.5
.R,6.5,.,R,R,L,3,1,3,1,1.0,1.0,1.0,1.0,0.0,0.0,1.0,1.0,0.5
.S,6.5,.,S,R,L,3,3,3,2,1.0,1.0,1.0,1.0,0.0,0.5,1.0,1.0,0.0
/A,6.5,/,A,R,L,4,4,3,2,1.0,1.0,1.0,1.0,0.0,0.5,1.0,1.0,0.0
/E,6.5,/,E,R,L,4,2,3,1,1.0,1.0,1.0,1.0,0.0,0.0,1.0,1.0,0.5
/G,6.5,/,G,R,L,4,1,3,2,1.0,1.0,1.0,1.0,0.0,0.5,0.5,1.0,0.5
/M,6.5,/,M,R,R,4,1,3,3,0.0,1.0,1.0,1.0,1.0,0.0,1.0,1.0,0.5
/R,6.5,/,R,R,L,4,1,3,1,1.0,1.0,1.0,1.0,0.0,0.0,1.0,1.0,0.5
/S,6.5,/,S,R,L,4,3,3,2,1.0,1.0,1.0,1.0,0.0,0.5,1.0,1.0,0.0
;B,6.5,;,B,R,L,4,1,2,3,1.0,1.0,1.0,1.0,0.0,0.5,0.5,1.0,0.5
;Q,6.5,;,Q,R,L,4,4,2,1,1.0,1.0,1.0,1.0,0.0,0.5,1.0,1.0,0.0
;T,6.5,;,T,R,L,4,1,2,1,1.0,1.0,1.0,1.0,0.0,0.5,0.5,1.0,0.5
;W,6.5,;,W,R,L,4,3,2,1,1.0,1.0,1.0,1.0,0.0,0.5,1.0,1.0,0.0
;X,6.5,;,X,R,L,4,3,2,3,1.0,1.0,1.0,1.0,0.0,0.5,1.0,1.0,0.0
;Z,6.5,;,Z,R,L,4,4,2,3,1.0,1.0,1.0,1.0,0.0,0.5,1.0,1.0,0.0
A.,6.5,A,.,L,R,4,3,2,3,1.0,1.0,1.0,1.0,0.0,0.5,1.0,1.0,0.0
A/,6.5,A,/,L,R,4,4,2,3,1.0,1.0,1.0,1.0,0.0,0.5,1.0,1.0,0.0
AN,6.5,A,N,L,R,4,1,2,3,1.0,1.0,1.0,1.0,0.0,0.5,0.5,1.0,0.5
AO,6.5,A,O,L,R,4,3,2,1,1.0,1.0,1.0,1.0,0.0,0.5,1.0,1.0,0.0
AP,6.5,A,P,L,R,4,4,2,1,1.0,1.0,1.0,1.0,0.0,0.5,1.0,1.0,0.0
AY,6.5,A,Y,L,R,4,1,2,1,1.0,1.0,1.0,1.0,0.0,0.5,0.5,1.0,0.5
B;,6.5,B,;,L,R,1,4,3,2,1.0,1.0,1.0,1.0,0.0,0.5,0.5,1.0,0.5
BH,6.5,B,H,L,R,1,1,3,2,1.0,1.0,1.0,1.0,0.0,0.5,0.0,1.0,1.0
BI,6.5,B,I,L,R,1,2,3,1,1.0,1.0,1.0,1.0,0.0,0.0,0.5,1.0,1.0
BL,6.5,B,L,L,R,1,3,3,2,1.0,1.0,1.0,1.0,0.0,0.5,0.5,1.0,0.5
BU,6.5,B,U,L,R,1,1,3,1,1.0,1.0,1.0,1.0,0.0,0.0,0.5,1.0,1.0
C',6.5,C,',L,R,2,4,3,2,1.0,1.0,1.0,1.0,0.0,0.5,0.5,1.0,0.5
CO,6.5,C,O,L,R,2,3,3,1,1.0,1.0,1.0,1.0,0.0,0.0,1.0,1.0,0.5
CP,6.5,C,P,L,R,2,4,3,1,1.0,1.0,1.0,1.0,0.0,0.0,1.0,1.0,0.5
CY,6.5,C,Y,L,R,2,1,3,1,1.0,1.0,1.0,1.0,0.0,0.0,0.5,1.0,1.0
DG,6.5,D,G,L,L,2,1,2,2,0.0,1.0,0,1.0,1.0,1.0,0.5,1.0,1.0
D[,6.5,D,[,L,R,2,4,2,1,1.0,1.0,1.0,1.0,0.0,0.5,0.5,1.0,0.5
E',6.5,E,',L,R,2,4,1,2,1.0,1.0,1.0,1.0,0.0,0.5,0.5,1.0,0.5
E.,6.5,E,.,L,R,2,3,1,3,1.0,1.0,1.0,1.0,0.0,0.0,1.0,1.0,0.5
E/,6.5,E,/,L,R,2,4,1,3,1.0,1.0,1.0,1.0,0.0,0.0,1.0,1.0,0.5
EN,6.5,E,N,L,R,2,1,1,3,1.0,1.0,1.0,1.0,0.0,0.0,0.5,1.0,1.0
FA,6.5,F,A,L,L,1,4,2,2,0.0,1.0,1.0,1.0,1.0,1.0,1.0,0.0,0.5
F[,6.5,F,[,L,R,1,4,2,1,1.0,1.0,1.0,1.0,0.0,0.5,0.5,1.0,0.5
G.,6.5,G,.,L,R,1,3,2,3,1.0,1.0,1.0,1.0,0.0,0.5,0.5,1.0,0.5
G/,6.5,G,/,L,R,1,4,2,3,1.0,1.0,1.0,1.0,0.0,0.5,0.5,1.0,0.5
GN,6.5,G,N,L,R,1,1,2,3,1.0,1.0,1.0,1.0,0.0,0.5,0.0,1.0,1.0
GO,6.5,G,O,L,R,1,3,2,1,1.0,1.0,1.0,1.0,0.0,0.5,0.5,1.0,0.5
GP,6.5,G,P,L,R,1,4,2,1,1.0,1.0,1.0,1.0,0.0,0.5,0.5,1.0,0.5
GY,6.5,G,Y,L,R,1,1,2,1,1.0,1.0,1.0,1.0,0.0,0.5,0.0,1.0,1.0
HB,6.5,H,B,R,L,1,1,2,3,1.0,1.0,1.0,1.0,0.0,0.5,0.0,1.0,1.0
HQ,6.5,H,Q,R,L,1,4,2,1,1.0,1.0,1.0,1.0,0.0,0.5,0.5,1.0,0.5
HT,6.5,H,T,R,L,1,1,2,1,1.0,1.0,1.0,1.0,0.0,0.5,0.0,1.0,1.0
HW,6.5,H,W,R,L,1,3,2,1,1.0,1.0,1.0,1.0,0.0,0.5,0.5,1.0,0.5
HX,6.5,H,X,R,L,1,3,2,3,1.0,1.0,1.0,1.0,0.0,0.5,0.5,1.0,0.5
HZ,6.5,H,Z,R,L,1,4,2,3,1.0,1.0,1.0,1.0,0.0,0.5,0.5,1.0,0.5
IB,6.5,I,B,R,L,2,1,1,3,1.0,1.0,1.0,1.0,0.0,0.0,0.5,1.0,1.0
IX,6.5,I,X,R,L,2,3,1,3,1.0,1.0,1.0,1.0,0.0,0.0,1.0,1.0,0.5
IZ,6.5,I,Z,R,L,2,4,1,3,1.0,1.0,1.0,1.0,0.0,0.0,1.0,1.0,0.5
J;,6.5,J,;,R,R,1,4,2,2,0.0,1.0,1.0,1.0,1.0,1.0,1.0,0.0,0.5
KH,6.5,K,H,R,R,2,1,2,2,0.0,1.0,0,1.0,1.0,1.0,0.5,1.0,1.0
LB,6.5,L,B,R,L,3,1,2,3,1.0,1.0,1.0,1.0,0.0,0.5,0.5,1.0,0.5
LH,6.5,L,H,R,R,3,1,2,2,0.0,1.0,0.5,1.0,1.0,1.0,0.5,1.0,0.5
LK,6.5,L,K,R,R,3,2,2,2,0.0,1.0,0,1.0,1.0,1.0,1.0,1.0,0.5
LQ,6.5,L,Q,R,L,3,4,2,1,1.0,1.0,1.0,1.0,0.0,0.5,1.0,1.0,0.0
LT,6.5,L,T,R,L,3,1,2,1,1.0,1.0,1.0,1.0,0.0,0.5,0.5,1.0,0.5
LW,6.5,L,W,R,L,3,3,2,1,1.0,1.0,1.0,1.0,0.0,0.5,1.0,1.0,0.0
LX,6.5,L,X,R,L,3,3,2,3,1.0,1.0,1.0,1.0,0.0,0.5,1.0,1.0,0.0
LZ,6.5,L,Z,R,L,3,4,2,3,1.0,1.0,1.0,1.0,0.0,0.5,1.0,1.0,0.0
MQ,6.5,M,Q,R,L,1,4,3,1,1.0,1.0,1.0,1.0,0.0,0.0,1.0,1.0,0.5
MT,6.5,M,T,R,L,1,1,3,1,1.0,1.0,1.0,1.0,0.0,0.0,0.5,1.0,1.0
MW,6.5,M,W,R,L,1,3,3,1,1.0,1.0,1.0,1.0,0.0,0.0,1.0,1.0,0.5
NA,6.5,N,A,R,L,1,4,3,2,1.0,1.0,1.0,1.0,0.0,0.5,0.5,1.0,0.5
NE,6.5,N,E,R,L,1,2,3,1,1.0,1.0,1.0,1.0,0.0,0.0,0.5,1.0,1.0
NG,6.5,N,G,R,L,1,1,3,2,1.0,1.0,1.0,1.0,0.0,0.5,0.0,1.0,1.0
NR,6.5,N,R,R,L,1,1,3,1,1.0,1.0,1.0,1.0,0.0,0.0,0.5,1.0,1.0
NS,6.5,N,S,R,L,1,3,3,2,1.0,1.0,1.0,1.0,0.0,0.5,0.5,1.0,0.5
OA,6.5,O,A,R,L,3,4,1,2,1.0,1.0,1.0,1.0,0.0,0.5,1.0,1.0,0.0
OC,6.5,O,C,R,L,3,2,1,3,1.0,1.0,1.0,1.0,0.0,0.0,1.0,1.0,0.5
OG,6.5,O,G,R,L,3,1,1,2,1.0,1.0,1.0,1.0,0.0,0.5,0.5,1.0,0.5
OS,6.5,O,S,R,L,3,3,1,2,1.0,1.0,1.0,1.0,0.0,0.5,1.0,1.0,0.0
OV,6.5,O,V,R,L,3,1,1,3,1.0,1.0,1.0,1.0,0.0,0.0,1.0,1.0,0.5
PA,6.5,P,A,R,L,4,4,1,2,1.0,1.0,1.0,1.0,0.0,0.5,1.0,1.0,0.0
PC,6.5,P,C,R,L,4,2,1,3,1.0,1.0,1.0,1.0,0.0,0.0,1.0,1.0,0.5
PG,6.5,P,G,R,L,4,1,1,2,1.0,1.0,1.0,1.0,0.0,0.5,0.5,1.0,0.5
PS,6.5,P,S,R,L,4,3,1,2,1.0,1.0,1.0,1.0,0.0,0.5,1.0,1.0,0.0
PU,6.5,P,U,R,R,4,1,1,1,0.0,1.0,1.0,1.0,1.0,0.0,1.0,1.0,0.5
PV,6.5,P,V,R,L,4,1,1,3,1.0,1.0,1.0,1.0,0.0,0.0,1.0,1.0,0.5
"Q,",6.5,Q,",",L,R,4,2,1,3,1.0,1.0,1.0,1.0,0.0,0.0,1.0,1.0,0.5
Q;,6.5,Q,;,L,R,4,4,1,2,1.0,1.0,1.0,1.0,0.0,0.5,1.0,1.0,0.0
QH,6.5,Q,H,L,R,4,1,1,2,1.0,1.0,1.0,1.0,0.0,0.5,0.5,1.0,0.5
QL,6.5,Q,L,L,R,4,3,1,2,1.0,1.0,1.0,1.0,0.0,0.5,1.0,1.0,0.0
QM,6.5,Q,M,L,R,4,1,1,3,1.0,1.0,1.0,1.0,0.0,0.0,1.0,1.0,0.5
QR,6.5,Q,R,L,L,4,1,1,1,0.0,1.0,1.0,1.0,1.0,0.0,1.0,1.0,0.5
Q[,6.5,Q,[,L,R,4,4,1,1,1.0,1.0,1.0,1.0,1.0,0.0,0.5,1.0,0.0
R',6.5,R,',L,R,1,4,1,2,1.0,1.0,1.0,1.0,0.0,0.5,0.5,1.0,0.5
R.,6.5,R,.,L,R,1,3,1,3,1.0,1.0,1.0,1.0,0.0,0.0,1.0,1.0,0.5
R/,6.5,R,/,L,R,1,4,1,3,1.0,1.0,1.0,1.0,0.0,0.0,1.0,1.0,0.5
RN,6.5,R,N,L,R,1,1,1,3,1.0,1.0,1.0,1.0,0.0,0.0,0.5,1.0,1.0
S.,6.5,S,.,L,R,3,3,2,3,1.0,1.0,1.0,1.0,0.0,0.5,1.0,1.0,0.0
S/,6.5,S,/,L,R,3,4,2,3,1.0,1.0,1.0,1.0,0.0,0.5,1.0,1.0,0.0
SD,6.5,S,D,L,L,3,2,2,2,0.0,1.0,0,1.0,1.0,1.0,1.0,1.0,0.5
SG,6.5,S,G,L,L,3,1,2,2,0.0,1.0,0.5,1.0,1.0,1.0,0.5,1.0,0.5
SN,6.5,S,N,L,R,3,1,2,3,1.0,1.0,1.0,1.0,0.0,0.5,0.5,1.0,0.5
SO,6.5,S,O,L,R,3,3,2,1,1.0,1.0,1.0,1.0,0.0,0.5,1.0,1.0,0.0
SP,6.5,S,P,L,R,3,4,2,1,1.0,1.0,1.0,1.0,0.0,0.5,1.0,1.0,0.0
SY,6.5,S,Y,L,R,3,1,2,1,1.0,1.0,1.0,1.0,0.0,0.5,0.5,1.0,0.5
"T,",6.5,T,",",L,R,1,2,1,3,1.0,1.0,1.0,1.0,0.0,0.0,0.5,1.0,1.0
T;,6.5,T,;,L,R,1,4,1,2,1.0,1.0,1.0,1.0,0.0,0.5,0.5,1.0,0.5
TH,6.5,T,H,L,R,1,1,1,2,1.0,1.0,1.0,1.0,0.0,0.5,0.0,1.0,1.0
TL,6.5,T,L,L,R,1,3,1,2,1.0,1.0,1.0,1.0,0.0,0.5,0.5,1.0,0.5
TM,6.5,T,M,L,R,1,1,1,3,1.0,1.0,1.0,1.0,0.0,0.0,0.5,1.0,1.0
T[,6.5,T,[,L,R,1,4,1,1,1.0,1.0,1.0,1.0,1.0,0.0,0.0,1.0,0.5
UB,6.5,U,B,R,L,1,1,1,3,1.0,1.0,1.0,1.0,0.0,0.0,0.5,1.0,1.0
UX,6.5,U,X,R,L,1,3,1,3,1.0,1.0,1.0,1.0,0.0,0.0,1.0,1.0,0.5
UZ,6.5,U,Z,R,L,1,4,1,3,1.0,1.0,1.0,1.0,0.0,0.0,1.0,1.0,0.5
V',6.5,V,',L,R,1,4,3,2,1.0,1.0,1.0,1.0,0.0,0.5,0.5,1.0,0.5
VO,6.5,V,O,L,R,1,3,3,1,1.0,1.0,1.0,1.0,0.0,0.0,1.0,1.0,0.5
VP,6.5,V,P,L,R,1,4,3,1,1.0,1.0,1.0,1.0,0.0,0.0,1.0,1.0,0.5
VY,6.5,V,Y,L,R,1,1,3,1,1.0,1.0,1.0,1.0,0.0,0.0,0.5,1.0,1.0
"W,",6.5,W,",",L,R,3,2,1,3,1.0,1.0,1.0,1.0,0.0,0.0,1.0,1.0,0.5
W;,6.5,W,;,L,R,3,4,1,2,1.0,1.0,1.0,1.0,0.0,0.5,1.0,1.0,0.0
WH,6.5,W,H,L,R,3,1,1,2,1.0,1.0,1.0,1.0,0.0,0.5,0.5,1.0,0.5
WL,6.5,W,L,L,R,3,3,1,2,1.0,1.0,1.0,1.0,0.0,0.5,1.0,1.0,0.0
WM,6.5,W,M,L,R,3,1,1,3,1.0,1.0,1.0,1.0,0.0,0.0,1.0,1.0,0.5
W[,6.5,W,[,L,R,3,4,1,1,1.0,1.0,1.0,1.0,1.0,0.0,0.5,1.0,0.0
X;,6.5,X,;,L,R,3,4,3,2,1.0,1.0,1.0,1.0,0.0,0.5,1.0,1.0,0.0
XH,6.5,X,H,L,R,3,1,3,2,1.0,1.0,1.0,1.0,0.0,0.5,0.5,1.0,0.5
XI,6.5,X,I,L,R,3,2,3,1,1.0,1.0,1.0,1.0,0.0,0.0,1.0,1.0,0.5
XL,6.5,X,L,L,R,3,3,3,2,1.0,1.0,1.0,1.0,0.0,0.5,1.0,1.0,0.0
XU,6.5,X,U,L,R,3,1,3,1,1.0,1.0,1.0,1.0,0.0,0.0,1.0,1.0,0.5
YA,6.5,Y,A,R,L,1,4,1,2,1.0,1.0,1.0,1.0,0.0,0.5,0.5,1.0,0.5
YC,6.5,Y,C,R,L,1,2,1,3,1.0,1.0,1.0,1.0,0.0,0.0,0.5,1.0,1.0
YG,6.5,Y,G,R,L,1,1,1,2,1.0,1.0,1.0,1.0,0.0,0.5,0.0,1.0,1.0
YS,6.5,Y,S,R,L,1,3,1,2,1.0,1.0,1.0,1.0,0.0,0.5,0.5,1.0,0.5
YV,6.5,Y,V,R,L,1,1,1,3,1.0,1.0,1.0,1.0,0.0,0.0,0.5,1.0,1.0
Z;,6.5,Z,;,L,R,4,4,3,2,1.0,1.0,1.0,1.0,0.0,0.5,1.0,1.0,0.0
ZH,6.5,Z,H,L,R,4,1,3,2,1.0,1.0,1.0,1.0,0.0,0.5,0.5,1.0,0.5
ZI,6.5,Z,I,L,R,4,2,3,1,1.0,1.0,1.0,1.0,0.0,0.0,1.0,1.0,0.5
ZL,6.5,Z,L,L,R,4,3,3,2,1.0,1.0,1.0,1.0,0.0,0.5,1.0,1.0,0.0
ZU,6.5,Z,U,L,R,4,1,3,1,1.0,1.0,1.0,1.0,0.0,0.0,1.0,1.0,0.5
ZV,6.5,Z,V,L,L,4,1,3,3,0.0,1.0,1.0,1.0,1.0,0.0,1.0,1.0,0.5
[D,6.5,[,D,R,L,4,2,1,2,1.0,1.0,1.0,1.0,0.0,0.5,0.5,1.0,0.5
[F,6.5,[,F,R,L,4,1,1,2,1.0,1.0,1.0,1.0,0.0,0.5,0.5,1.0,0.5
[Q,6.5,[,Q,R,L,4,4,1,1,1.0,1.0,1.0,1.0,1.0,0.0,0.5,1.0,0.0
[T,6.5,[,T,R,L,4,1,1,1,1.0,1.0,1.0,1.0,1.0,0.0,0.0,1.0,0.5
[W,6.5,[,W,R,L,4,3,1,1,1.0,1.0,1.0,1.0,1.0,0.0,0.5,1.0,0.0
'B,6.0,',B,R,L,4,1,2,3,1.0,1.0,1.0,1.0,0.0,0.5,0.0,1.0,0.5
'Q,6.0,',Q,R,L,4,4,2,1,1.0,1.0,1.0,1.0,0.0,0.5,0.5,1.0,0.0
'T,6.0,',T,R,L,4,1,2,1,1.0,1.0,1.0,1.0,0.0,0.5,0.0,1.0,0.5
'W,6.0,',W,R,L,4,3,2,1,1.0,1.0,1.0,1.0,0.0,0.5,0.5,1.0,0.0
'X,6.0,',X,R,L,4,3,2,3,1.0,1.0,1.0,1.0,0.0,0.5,0.5,1.0,0.0
'Z,6.0,',Z,R,L,4,4,2,3,1.0,1.0,1.0,1.0,0.0,0.5,0.5,1.0,0.0
",M",6.0,",",M,R,R,2,1,3,3,0.0,1.0,0,1.0,1.0,0.0,1.0,1.0,1.0
.M,6.0,.,M,R,R,3,1,3,3,0.0,1.0,0.5,1.0,1.0,0.0,1.0,1.0,0.5
.Q,6.0,.,Q,R,L,3,4,3,1,1.0,1.0,1.0,1.0,0.0,0.0,1.0,1.0,0.0
.T,6.0,.,T,R,L,3,1,3,1,1.0,1.0,1.0,1.0,0.0,0.0,0.5,1.0,0.5
.W,6.0,.,W,R,L,3,3,3,1,1.0,1.0,1.0,1.0,0.0,0.0,1.0,1.0,0.0
"/,",6.0,/,",",R,R,4,2,3,3,0.0,1.0,0.5,1.0,1.0,0.0,1.0,1.0,0.5
/J,6.0,/,J,R,R,4,1,3,2,0.0,1.0,1.0,1.0,0.0,0.5,1.0,1.0,0.5
/N,6.0,/,N,R,R,4,1,3,3,0.0,1.0,1.0,1.0,1.0,0.0,0.5,1.0,0.5
/Q,6.0,/,Q,R,L,4,4,3,1,1.0,1.0,1.0,1.0,0.0,0.0,1.0,1.0,0.0
/T,6.0,/,T,R,L,4,1,3,1,1.0,1.0,1.0,1.0,0.0,0.0,0.5,1.0,0.5
/W,6.0,/,W,R,L,4,3,3,1,1.0,1.0,1.0,1.0,0.0,0.0,1.0,1.0,0.0
;L,6.0,;,L,R,R,4,3,2,2,0.0,1.0,0,1.0,1.0,1.0,1.0,1.0,0.0
;M,6.0,;,M,R,R,4,1,2,3,0.0,1.0,1.0,1.0,0.0,0.5,1.0,1.0,0.5
;U,6.0,;,U,R,R,4,1,2,1,0.0,1.0,1.0,1.0,0.0,0.5,1.0,1.0,0.5
AR,6.0,A,R,L,L,4,1,2,1,0.0,1.0,1.0,1.0,0.0,0.5,1.0,1.0,0.5
AS,6.0,A,S,L,L,4,3,2,2,0.0,1.0,0,1.0,1.0,1.0,1.0,1.0,0.0
AV,6.0,A,V,L,L,4,1,2,3,0.0,1.0,1.0,1.0,0.0,0.5,1.0,1.0,0.5
A[,6.0,A,[,L,R,4,4,2,1,1.0,1.0,1.0,1.0,0.0,0.5,0.5,1.0,0.0
B',6.0,B,',L,R,1,4,3,2,1.0,1.0,1.0,1.0,0.0,0.5,0.0,1.0,0.5
BO,6.0,B,O,L,R,1,3,3,1,1.0,1.0,1.0,1.0,0.0,0.0,0.5,1.0,0.5
BP,6.0,B,P,L,R,1,4,3,1,1.0,1.0,1.0,1.0,0.0,0.0,0.5,1.0,0.5
BY,6.0,B,Y,L,R,1,1,3,1,1.0,1.0,1.0,1.0,0.0,0.0,0.0,1.0,1.0
CV,6.0,C,V,L,L,2,1,3,3,0.0,1.0,0,1.0,1.0,0.0,1.0,1.0,1.0
C[,6.0,C,[,L,R,2,4,3,1,1.0,1.0,1.0,1.0,0.0,0.0,0.5,1.0,0.5
DA,6.0,D,A,L,L,2,4,2,2,0.0,1.0,0.5,1.0,1.0,1.0,1.0,0.0,0.5
ER,6.0,E,R,L,L,2,1,1,1,0.0,1.0,0,1.0,1.0,0.0,1.0,1.0,1.0
FD,6.0,F,D,L,L,1,2,2,2,0.0,1.0,0,1.0,1.0,1.0,1.0,0.0,1.0
FS,6.0,F,S,L,L,1,3,2,2,0.0,1.0,0.5,1.0,1.0,1.0,1.0,0.0,0.5
GA,6.0,G,A,L,L,1,4,2,2,0.0,1.0,1.0,1.0,1.0,1.0,0.5,0.0,0.5
G[,6.0,G,[,L,R,1,4,2,1,1.0,1.0,1.0,1.0,0.0,0.5,0.0,1.0,0.5
H;,6.0,H,;,R,R,1,4,2,2,0.0,1.0,1.0,1.0,1.0,1.0,0.5,0.0,0.5
IU,6.0,I,U,R,R,2,1,1,1,0.0,1.0,0,1.0,1.0,0.0,1.0,1.0,1.0
J',6.0,J,',R,R,1,4,2,2,0.0,1.0,1.0,1.0,1.0,1.0,0.5,0.0,0.5
JK,6.0,J,K,R,R,1,2,2,2,0.0,1.0,0,1.0,1.0,1.0,1.0,0.0,1.0
JL,6.0,J,L,R,R,1,3,2,2,0.0,1.0,0.5,1.0,1.0,1.0,1.0,0.0,0.5
K;,6.0,K,;,R,R,2,4,2,2,0.0,1.0,0.5,1.0,1.0,1.0,1.0,0.0,0.5
NQ,6.0,N,Q,R,L,1,4,3,1,1.0,1.0,1.0,1.0,0.0,0.0,0.5,1.0,0.5
NT,6.0,N,T,R,L,1,1,3,1,1.0,1.0,1.0,1.0,0.0,0.0,0.0,1.0,1.0
NW,6.0,N,W,R,L,1,3,3,1,1.0,1.0,1.0,1.0,0.0,0.0,0.5,1.0,0.5
OB,6.0,O,B,R,L,3,1,1,3,1.0,1.0,1.0,1.0,0.0,0.0,0.5,1.0,0.5
OU,6.0,O,U,R,R,3,1,1,1,0.0,1.0,0.5,1.0,1.0,0.0,1.0,1.0,0.5
OX,6.0,O,X,R,L,3,3,1,3,1.0,1.0,1.0,1.0,0.0,0.0,1.0,1.0,0.0
OZ,6.0,O,Z,R,L,3,4,1,3,1.0,1.0,1.0,1.0,0.0,0.0,1.0,1.0,0.0
PB,6.0,P,B,R,L,4,1,1,3,1.0,1.0,1.0,1.0,0.0,0.0,0.5,1.0,0.5
PI,6.0,P,I,R,R,4,2,1,1,0.0,1.0,0.5,1.0,1.0,0.0,1.0,1.0,0.5
PJ,6.0,P,J,R,R,4,1,1,2,0.0,1.0,1.0,1.0,0.0,0.5,1.0,1.0,0.5
PX,6.0,P,X,R,L,4,3,1,3,1.0,1.0,1.0,1.0,0.0,0.0,1.0,1.0,0.0
PY,6.0,P,Y,R,R,4,1,1,1,0.0,1.0,1.0,1.0,1.0,0.0,0.5,1.0,0.5
PZ,6.0,P,Z,R,L,4,4,1,3,1.0,1.0,1.0,1.0,0.0,0.0,1.0,1.0,0.0
Q',6.0,Q,',L,R,4,4,1,2,1.0,1.0,1.0,1.0,0.0,0.5,0.5,1.0,0.0
Q.,6.0,Q,.,L,R,4,3,1,3,1.0,1.0,1.0,1.0,0.0,0.0,1.0,1.0,0.0
Q/,6.0,Q,/,L,R,4,4,1,3,1.0,1.0,1.0,1.0,0.0,0.0,1.0,1.0,0.0
QE,6.0,Q,E,L,L,4,2,1,1,0.0,1.0,0.5,1.0,1.0,0.0,1.0,1.0,0.5
QF,6.0,Q,F,L,L,4,1,1,2,0.0,1.0,1.0,1.0,0.0,0.5,1.0,1.0,0.5
QN,6.0,Q,N,L,R,4,1,1,3,1.0,1.0,1.0,1.0,0.0,0.0,0.5,1.0,0.5
QT,6.0,Q,T,L,L,4,1,1,1,0.0,1.0,1.0,1.0,1.0,0.0,0.5,1.0,0.5
S[,6.0,S,[,L,R,3,4,2,1,1.0,1.0,1.0,1.0,0.0,0.5,0.5,1.0,0.0
T',6.0,T,',L,R,1,4,1,2,1.0,1.0,1.0,1.0,0.0,0.5,0.0,1.0,0.5
T.,6.0,T,.,L,R,1,3,1,3,1.0,1.0,1.0,1.0,0.0,0.0,0.5,1.0,0.5
T/,6.0,T,/,L,R,1,4,1,3,1.0,1.0,1.0,1.0,0.0,0.0,0.5,1.0,0.5
TN,6.0,T,N,L,R,1,1,1,3,1.0,1.0,1.0,1.0,0.0,0.0,0.0,1.0,1.0
V[,6.0,V,[,L,R,1,4,3,1,1.0,1.0,1.0,1.0,0.0,0.0,0.5,1.0,0.5
W',6.0,W,',L,R,3,4,1,2,1.0,1.0,1.0,1.0,0.0,0.5,0.5,1.0,0.0
W.,6.0,W,.,L,R,3,3,1,3,1.0,1.0,1.0,1.0,0.0,0.0,1.0,1.0,0.0
W/,6.0,W,/,L,R,3,4,1,3,1.0,1.0,1.0,1.0,0.0,0.0,1.0,1.0,0.0
WN,6.0,W,N,L,R,3,1,1,3,1.0,1.0,1.0,1.0,0.0,0.0,0.5,1.0,0.5
WR,6.0,W,R,L,L,3,1,1,1,0.0,1.0,0.5,1.0,1.0,0.0,1.0,1.0,0.5
X',6.0,X,',L,R,3,4,3,2,1.0,1.0,1.0,1.0,0.0,0.5,0.5,1.0,0.0
XO,6.0,X,O,L,R,3,3,3,1,1.0,1.0,1.0,1.0,0.0,0.0,1.0,1.0,0.0
XP,6.0,X,P,L,R,3,4,3,1,1.0,1.0,1.0,1.0,0.0,0.0,1.0,1.0,0.0
XV,6.0,X,V,L,L,3,1,3,3,0.0,1.0,0.5,1.0,1.0,0.0,1.0,1.0,0.5
XY,6.0,X,Y,L,R,3,1,3,1,1.0,1.0,1.0,1.0,0.0,0.0,0.5,1.0,0.5
YB,6.0,Y,B,R,L,1,1,1,3,1.0,1.0,1.0,1.0,0.0,0.0,0.0,1.0,1.0
YX,6.0,Y,X,R,L,1,3,1,3,1.0,1.0,1.0,1.0,0.0,0.0,0.5,1.0,0.5
YZ,6.0,Y,Z,R,L,1,4,1,3,1.0,1.0,1.0,1.0,0.0,0.0,0.5,1.0,0.5
Z',6.0,Z,',L,R,4,4,3,2,1.0,1.0,1.0,1.0,0.0,0.5,0.5,1.0,0.0
ZB,6.0,Z,B,L,L,4,1,3,3,0.0,1.0,1.0,1.0,1.0,0.0,0.5,1.0,0.5
ZC,6.0,Z,C,L,L,4,2,3,3,0.0,1.0,0.5,1.0,1.0,0.0,1.0,1.0,0.5
ZF,6.0,Z,F,L,L,4,1,3,2,0.0,1.0,1.0,1.0,0.0,0.5,1.0,1.0,0.5
ZO,6.0,Z,O,L,R,4,3,3,1,1.0,1.0,1.0,1.0,0.0,0.0,1.0,1.0,0.0
ZP,6.0,Z,P,L,R,4,4,3,1,1.0,1.0,1.0,1.0,0.0,0.0,1.0,1.0,0.0
ZY,6.0,Z,Y,L,R,4,1,3,1,1.0,1.0,1.0,1.0,0.0,0.0,0.5,1.0,0.5
[A,6.0,[,A,R,L,4,4,1,2,1.0,1.0,1.0,1.0,0.0,0.5,0.5,1.0,0.0
[C,6.0,[,C,R,L,4,2,1,3,1.0,1.0,1.0,1.0,0.0,0.0,0.5,1.0,0.5
[G,6.0,[,G,R,L,4,1,1,2,1.0,1.0,1.0,1.0,0.0,0.5,0.0,1.0,0.5
[S,6.0,[,S,R,L,4,3,1,2,1.0,1.0,1.0,1.0,0.0,0.5,0.5,1.0,0.0
[U,6.0,[,U,R,R,4,1,1,1,0.0,1.0,1.0,1.0,1.0,0.0,0.5,1.0,0.5
[V,6.0,[,V,R,L,4,1,1,3,1.0,1.0,1.0,1.0,0.0,0.0,0.5,1.0,0.5
'L,5.5,',L,R,R,4,3,2,2,0.0,1.0,0,1.0,1.0,1.0,0.5,1.0,0.0
'M,5.5,',M,R,R,4,1,2,3,0.0,1.0,1.0,1.0,0.0,0.5,0.5,1.0,0.5
'U,5.5,',U,R,R,4,1,2,1,0.0,1.0,1.0,1.0,0.0,0.5,0.5,1.0,0.5
",J",5.5,",",J,R,R,2,1,3,2,0.0,1.0,0,1.0,0.0,0.5,1.0,1.0,1.0
",N",5.5,",",N,R,R,2,1,3,3,0.0,1.0,0,1.0,1.0,0.0,0.5,1.0,1.0
".,",5.5,.,",",R,R,3,2,3,3,0.0,1.0,0,1.0,1.0,0.0,1.0,1.0,0.5
.J,5.5,.,J,R,R,3,1,3,2,0.0,1.0,0.5,1.0,0.0,0.5,1.0,1.0,0.5
.N,5.5,.,N,R,R,3,1,3,3,0.0,1.0,0.5,1.0,1.0,0.0,0.5,1.0,0.5
/H,5.5,/,H,R,R,4,1,3,2,0.0,1.0,1.0,1.0,0.0,0.5,0.5,1.0,0.5
/K,5.5,/,K,R,R,4,2,3,2,0.0,1.0,0.5,1.0,0.0,0.5,1.0,1.0,0.5
";,",5.5,;,",",R,R,4,2,2,3,0.0,1.0,0.5,1.0,0.0,0.5,1.0,1.0,0.5
;I,5.5,;,I,R,R,4,2,2,1,0.0,1.0,0.5,1.0,0.0,0.5,1.0,1.0,0.5
;N,5.5,;,N,R,R,4,1,2,3,0.0,1.0,1.0,1.0,0.0,0.5,0.5,1.0,0.5
;Y,5.5,;,Y,R,R,4,1,2,1,0.0,1.0,1.0,1.0,0.0,0.5,0.5,1.0,0.5
AB,5.5,A,B,L,L,4,1,2,3,0.0,1.0,1.0,1.0,0.0,0.5,0.5,1.0,0.5
AC,5.5,A,C,L,L,4,2,2,3,0.0,1.0,0.5,1.0,0.0,0.5,1.0,1.0,0.5
AE,5.5,A,E,L,L,4,2,2,1,0.0,1.0,0.5,1.0,0.0,0.5,1.0,1.0,0.5
AT,5.5,A,T,L,L,4,1,2,1,0.0,1.0,1.0,1.0,0.0,0.5,0.5,1.0,0.5
B[,5.5,B,[,L,R,1,4,3,1,1.0,1.0,1.0,1.0,0.0,0.0,0.0,1.0,0.5
CB,5.5,C,B,L,L,2,1,3,3,0.0,1.0,0,1.0,1.0,0.0,0.5,1.0,1.0
CF,5.5,C,F,L,L,2,1,3,2,0.0,1.0,0,1.0,0.0,0.5,1.0,1.0,1.0
DR,5.5,D,R,L,L,2,1,2,1,0.0,1.0,0,1.0,0.0,0.5,1.0,1.0,1.0
DS,5.5,D,S,L,L,2,3,2,2,0.0,1.0,0,1.0,1.0,1.0,1.0,0.0,0.5
DV,5.5,D,V,L,L,2,1,2,3,0.0,1.0,0,1.0,0.0,0.5,1.0,1.0,1.0
EF,5.5,E,F,L,L,2,1,1,2,0.0,1.0,0,1.0,0.0,0.5,1.0,1.0,1.0
ET,5.5,E,T,L,L,2,1,1,1,0.0,1.0,0,1.0,1.0,0.0,0.5,1.0,1.0
GD,5.5,G,D,L,L,1,2,2,2,0.0,1.0,0,1.0,1.0,1.0,0.5,0.0,1.0
GS,5.5,G,S,L,L,1,3,2,2,0.0,1.0,0.5,1.0,1.0,1.0,0.5,0.0,0.5
H',5.5,H,',R,R,1,4,2,2,0.0,1.0,1.0,1.0,1.0,1.0,0.0,0.0,0.5
HK,5.5,H,K,R,R,1,2,2,2,0.0,1.0,0,1.0,1.0,1.0,0.5,0.0,1.0
HL,5.5,H,L,R,R,1,3,2,2,0.0,1.0,0.5,1.0,1.0,1.0,0.5,0.0,0.5
IJ,5.5,I,J,R,R,2,1,1,2,0.0,1.0,0,1.0,0.0,0.5,1.0,1.0,1.0
IY,5.5,I,Y,R,R,2,1,1,1,0.0,1.0,0,1.0,1.0,0.0,0.5,1.0,1.0
K',5.5,K,',R,R,2,4,2,2,0.0,1.0,0.5,1.0,1.0,1.0,0.5,0.0,0.5
KL,5.5,K,L,R,R,2,3,2,2,0.0,1.0,0,1.0,1.0,1.0,1.0,0.0,0.5
KM,5.5,K,M,R,R,2,1,2,3,0.0,1.0,0,1.0,0.0,0.5,1.0,1.0,1.0
KU,5.5,K,U,R,R,2,1,2,1,0.0,1.0,0,1.0,0.0,0.5,1.0,1.0,1.0
LM,5.5,L,M,R,R,3,1,2,3,0.0,1.0,0.5,1.0,0.0,0.5,1.0,1.0,0.5
LU,5.5,L,U,R,R,3,1,2,1,0.0,1.0,0.5,1.0,0.0,0.5,1.0,1.0,0.5
M/,5.5,M,/,R,R,1,4,3,3,0.0,1.0,1.0,1.0,1.0,0.0,1.0,0.0,0.5
OI,5.5,O,I,R,R,3,2,1,1,0.0,1.0,0,1.0,1.0,0.0,1.0,1.0,0.5
OJ,5.5,O,J,R,R,3,1,1,2,0.0,1.0,0.5,1.0,0.0,0.5,1.0,1.0,0.5
OY,5.5,O,Y,R,R,3,1,1,1,0.0,1.0,0.5,1.0,1.0,0.0,0.5,1.0,0.5
PH,5.5,P,H,R,R,4,1,1,2,0.0,1.0,1.0,1.0,0.0,0.5,0.5,1.0,0.5
PK,5.5,P,K,R,R,4,2,1,2,0.0,1.0,0.5,1.0,0.0,0.5,1.0,1.0,0.5
QD,5.5,Q,D,L,L,4,2,1,2,0.0,1.0,0.5,1.0,0.0,0.5,1.0,1.0,0.5
QG,5.5,Q,G,L,L,4,1,1,2,0.0,1.0,1.0,1.0,0.0,0.5,0.5,1.0,0.5
RQ,5.5,R,Q,L,L,1,4,1,1,0.0,1.0,1.0,1.0,1.0,0.0,1.0,0.0,0.5
SR,5.5,S,R,L,L,3,1,2,1,0.0,1.0,0.5,1.0,0.0,0.5,1.0,1.0,0.5
SV,5.5,S,V,L,L,3,1,2,3,0.0,1.0,0.5,1.0,0.0,0.5,1.0,1.0,0.5
UP,5.5,U,P,R,R,1,4,1,1,0.0,1.0,1.0,1.0,1.0,0.0,1.0,0.0,0.5
VZ,5.5,V,Z,L,L,1,4,3,3,0.0,1.0,1.0,1.0,1.0,0.0,1.0,0.0,0.5
WE,5.5,W,E,L,L,3,2,1,1,0.0,1.0,0,1.0,1.0,0.0,1.0,1.0,0.5
WF,5.5,W,F,L,L,3,1,1,2,0.0,1.0,0.5,1.0,0.0,0.5,1.0,1.0,0.5
WT,5.5,W,T,L,L,3,1,1,1,0.0,1.0,0.5,1.0,1.0,0.0,0.5,1.0,0.5
XB,5.5,X,B,L,L,3,1,3,3,0.0,1.0,0.5,1.0,1.0,0.0,0.5,1.0,0.5
XC,5.5,X,C,L,L,3,2,3,3,0.0,1.0,0,1.0,1.0,0.0,1.0,1.0,0.5
XF,5.5,X,F,L,L,3,1,3,2,0.0,1.0,0.5,1.0,0.0,0.5,1.0,1.0,0.5
X[,5.5,X,[,L,R,3,4,3,1,1.0,1.0,1.0,1.0,0.0,0.0,0.5,1.0,0.0
ZD,5.5,Z,D,L,L,4,2,3,2,0.0,1.0,0.5,1.0,0.0,0.5,1.0,1.0,0.5
ZG,5.5,Z,G,L,L,4,1,3,2,0.0,1.0,1.0,1.0,0.0,0.5,0.5,1.0,0.5
Z[,5.5,Z,[,L,R,4,4,3,1,1.0,1.0,1.0,1.0,0.0,0.0,0.5,1.0,0.0
[B,5.5,[,B,R,L,4,1,1,3,1.0,1.0,1.0,1.0,0.0,0.0,0.0,1.0,0.5
[I,5.5,[,I,R,R,4,2,1,1,0.0,1.0,0.5,1.0,1.0,0.0,0.5,1.0,0.5
[J,5.5,[,J,R,R,4,1,1,2,0.0,1.0,1.0,1.0,0.0,0.5,0.5,1.0,0.5
[X,5.5,[,X,R,L,4,3,1,3,1.0,1.0,1.0,1.0,0.0,0.0,0.5,1.0,0.0
[Y,5.5,[,Y,R,R,4,1,1,1,0.0,1.0,1.0,1.0,1.0,0.0,0.0,1.0,0.5
[Z,5.5,[,Z,R,L,4,4,1,3,1.0,1.0,1.0,1.0,0.0,0.0,0.5,1.0,0.0
"',",5.0,',",",R,R,4,2,2,3,0.0,1.0,0.5,1.0,0.0,0.5,0.5,1.0,0.5
'I,5.0,',I,R,R,4,2,2,1,0.0,1.0,0.5,1.0,0.0,0.5,0.5,1.0,0.5
'N,5.0,',N,R,R,4,1,2,3,0.0,1.0,1.0,1.0,0.0,0.5,0.0,1.0,0.5
'Y,5.0,',Y,R,R,4,1,2,1,0.0,1.0,1.0,1.0,0.0,0.5,0.0,1.0,0.5
",/",5.0,",",/,R,R,2,4,3,3,0.0,1.0,0.5,1.0,1.0,0.0,1.0,0.0,0.5
",H",5.0,",",H,R,R,2,1,3,2,0.0,1.0,0,1.0,0.0,0.5,0.5,1.0,1.0
.H,5.0,.,H,R,R,3,1,3,2,0.0,1.0,0.5,1.0,0.0,0.5,0.5,1.0,0.5
.K,5.0,.,K,R,R,3,2,3,2,0.0,1.0,0,1.0,0.0,0.5,1.0,1.0,0.5
/.,5.0,/,.,R,R,4,3,3,3,0.0,1.0,0,1.0,1.0,0.0,1.0,1.0,0.0
BZ,5.0,B,Z,L,L,1,4,3,3,0.0,1.0,1.0,1.0,1.0,0.0,0.5,0.0,0.5
CG,5.0,C,G,L,L,2,1,3,2,0.0,1.0,0,1.0,0.0,0.5,0.5,1.0,1.0
CZ,5.0,C,Z,L,L,2,4,3,3,0.0,1.0,0.5,1.0,1.0,0.0,1.0,0.0,0.5
DB,5.0,D,B,L,L,2,1,2,3,0.0,1.0,0,1.0,0.0,0.5,0.5,1.0,1.0
DD,5.0,D,D,L,L,2,2,2,2,0.0,0.0,0.0,1.0,1.0,1.0,1.0,0.0,1.0
DT,5.0,D,T,L,L,2,1,2,1,0.0,1.0,0,1.0,0.0,0.5,0.5,1.0,1.0
EG,5.0,E,G,L,L,2,1,1,2,0.0,1.0,0,1.0,0.0,0.5,0.5,1.0,1.0
EQ,5.0,E,Q,L,L,2,4,1,1,0.0,1.0,0.5,1.0,1.0,0.0,1.0,0.0,0.5
FF,5.0,F,F,L,L,1,1,2,2,0.0,0.0,0.0,1.0,1.0,1.0,1.0,0.0,1.0
FQ,5.0,F,Q,L,L,1,4,2,1,0.0,1.0,1.0,1.0,0.0,0.5,1.0,0.0,0.5
FZ,5.0,F,Z,L,L,1,4,2,3,0.0,1.0,1.0,1.0,0.0,0.5,1.0,0.0,0.5
IH,5.0,I,H,R,R,2,1,1,2,0.0,1.0,0,1.0,0.0,0.5,0.5,1.0,1.0
IP,5.0,I,P,R,R,2,4,1,1,0.0,1.0,0.5,1.0,1.0,0.0,1.0,0.0,0.5
J/,5.0,J,/,R,R,1,4,2,3,0.0,1.0,1.0,1.0,0.0,0.5,1.0,0.0,0.5
JJ,5.0,J,J,R,R,1,1,2,2,0.0,0.0,0.0,1.0,1.0,1.0,1.0,0.0,1.0
JP,5.0,J,P,R,R,1,4,2,1,0.0,1.0,1.0,1.0,0.0,0.5,1.0,0.0,0.5
KK,5.0,K,K,R,R,2,2,2,2,0.0,0.0,0.0,1.0,1.0,1.0,1.0,0.0,1.0
KN,5.0,K,N,R,R,2,1,2,3,0.0,1.0,0,1.0,0.0,0.5,0.5,1.0,1.0
KY,5.0,K,Y,R,R,2,1,2,1,0.0,1.0,0,1.0,0.0,0.5,0.5,1.0,1.0
"L,",5.0,L,",",R,R,3,2,2,3,0.0,1.0,0,1.0,0.0,0.5,1.0,1.0,0.5
L;,5.0,L,;,R,R,3,4,2,2,0.0,1.0,0,1.0,1.0,1.0,1.0,0.0,0.0
LI,5.0,L,I,R,R,3,2,2,1,0.0,1.0,0,1.0,0.0,0.5,1.0,1.0,0.5
LN,5.0,L,N,R,R,3,1,2,3,0.0,1.0,0.5,1.0,0.0,0.5,0.5,1.0,0.5
LY,5.0,L,Y,R,R,3,1,2,1,0.0,1.0,0.5,1.0,0.0,0.5,0.5,1.0,0.5
"M,",5.0,M,",",R,R,1,2,3,3,0.0,1.0,0,1.0,1.0,0.0,1.0,0.0,1.0
M.,5.0,M,.,R,R,1,3,3,3,0.0,1.0,0.5,1.0,1.0,0.0,1.0,0.0,0.5
M;,5.0,M,;,R,R,1,4,3,2,0.0,1.0,1.0,1.0,0.0,0.5,1.0,0.0,0.5
N/,5.0,N,/,R,R,1,4,3,3,0.0,1.0,1.0,1.0,1.0,0.0,0.5,0.0,0.5
OH,5.0,O,H,R,R,3,1,1,2,0.0,1.0,0.5,1.0,0.0,0.5,0.5,1.0,0.5
OK,5.0,O,K,R,R,3,2,1,2,0.0,1.0,0,1.0,0.0,0.5,1.0,1.0,0.5
PO,5.0,P,O,R,R,4,3,1,1,0.0,1.0,0,1.0,1.0,0.0,1.0,1.0,0.0
QW,5.0,Q,W,L,L,4,3,1,1,0.0,1.0,0,1.0,1.0,0.0,1.0,1.0,0.0
RA,5.0,R,A,L,L,1,4,1,2,0.0,1.0,1.0,1.0,0.0,0.5,1.0,0.0,0.5
RE,5.0,R,E,L,L,1,2,1,1,0.0,1.0,0,1.0,1.0,0.0,1.0,0.0,1.0
RW,5.0,R,W,L,L,1,3,1,1,0.0,1.0,0.5,1.0,1.0,0.0,1.0,0.0,0.5
SA,5.0,S,A,L,L,3,4,2,2,0.0,1.0,0,1.0,1.0,1.0,1.0,0.0,0.0
SB,5.0,S,B,L,L,3,1,2,3,0.0,1.0,0.5,1.0,0.0,0.5,0.5,1.0,0.5
SC,5.0,S,C,L,L,3,2,2,3,0.0,1.0,0,1.0,0.0,0.5,1.0,1.0,0.5
SE,5.0,S,E,L,L,3,2,2,1,0.0,1.0,0,1.0,0.0,0.5,1.0,1.0,0.5
ST,5.0,S,T,L,L,3,1,2,1,0.0,1.0,0.5,1.0,0.0,0.5,0.5,1.0,0.5
TQ,5.0,T,Q,L,L,1,4,1,1,0.0,1.0,1.0,1.0,1.0,0.0,0.5,0.0,0.5
U;,5.0,U,;,R,R,1,4,1,2,0.0,1.0,1.0,1.0,0.0,0.5,1.0,0.0,0.5
UI,5.0,U,I,R,R,1,2,1,1,0.0,1.0,0,1.0,1.0,0.0,1.0,0.0,1.0
UO,5.0,U,O,R,R,1,3,1,1,0.0,1.0,0.5,1.0,1.0,0.0,1.0,0.0,0.5
U[,5.0,U,[,R,R,1,4,1,1,0.0,1.0,1.0,1.0,1.0,0.0,0.5,0.0,0.5
VA,5.0,V,A,L,L,1,4,3,2,0.0,1.0,1.0,1.0,0.0,0.5,1.0,0.0,0.5
VC,5.0,V,C,L,L,1,2,3,3,0.0,1.0,0,1.0,1.0,0.0,1.0,0.0,1.0
VX,5.0,V,X,L,L,1,3,3,3,0.0,1.0,0.5,1.0,1.0,0.0,1.0,0.0,0.5
WD,5.0,W,D,L,L,3,2,1,2,0.0,1.0,0,1.0,0.0,0.5,1.0,1.0,0.5
WG,5.0,W,G,L,L,3,1,1,2,0.0,1.0,0.5,1.0,0.0,0.5,0.5,1.0,0.5
XD,5.0,X,D,L,L,3,2,3,2,0.0,1.0,0,1.0,0.0,0.5,1.0,1.0,0.5
XG,5.0,X,G,L,L,3,1,3,2,0.0,1.0,0.5,1.0,0.0,0.5,0.5,1.0,0.5
YP,5.0,Y,P,R,R,1,4,1,1,0.0,1.0,1.0,1.0,1.0,0.0,0.5,0.0,0.5
ZX,5.0,Z,X,L,L,4,3,3,3,0.0,1.0,0,1.0,1.0,0.0,1.0,1.0,0.0
[H,5.0,[,H,R,R,4,1,1,2,0.0,1.0,1.0,1.0,0.0,0.5,0.0,1.0,0.5
[K,5.0,[,K,R,R,4,2,1,2,0.0,1.0,0.5,1.0,0.0,0.5,0.5,1.0,0.5
",.",4.5,",",.,R,R,2,3,3,3,0.0,1.0,0,1.0,1.0,0.0,1.0,0.0,0.5
",;",4.5,",",;,R,R,2,4,3,2,0.0,1.0,0.5,1.0,0.0,0.5,1.0,0.0,0.5
/L,4.5,/,L,R,R,4,3,3,2,0.0,1.0,0,1.0,0.0,0.5,1.0,1.0,0.0
/U,4.5,/,U,R,R,4,1,3,1,0.0,1.0,1.0,0.0,0.0,0.0,1.0,1.0,0.5
;.,4.5,;,.,R,R,4,3,2,3,0.0,1.0,0,1.0,0.0,0.5,1.0,1.0,0.0
;O,4.5,;,O,R,R,4,3,2,1,0.0,1.0,0,1.0,0.0,0.5,1.0,1.0,0.0
AW,4.5,A,W,L,L,4,3,2,1,0.0,1.0,0,1.0,0.0,0.5,1.0,1.0,0.0
AX,4.5,A,X,L,L,4,3,2,3,0.0,1.0,0,1.0,0.0,0.5,1.0,1.0,0.0
BA,4.5,B,A,L,L,1,4,3,2,0.0,1.0,1.0,1.0,0.0,0.5,0.5,0.0,0.5
BC,4.5,B,C,L,L,1,2,3,3,0.0,1.0,0,1.0,1.0,0.0,0.5,0.0,1.0
BX,4.5,B,X,L,L,1,3,3,3,0.0,1.0,0.5,1.0,1.0,0.0,0.5,0.0,0.5
CA,4.5,C,A,L,L,2,4,3,2,0.0,1.0,0.5,1.0,0.0,0.5,1.0,0.0,0.5
CX,4.5,C,X,L,L,2,3,3,3,0.0,1.0,0,1.0,1.0,0.0,1.0,0.0,0.5
DQ,4.5,D,Q,L,L,2,4,2,1,0.0,1.0,0.5,1.0,0.0,0.5,1.0,0.0,0.5
DZ,4.5,D,Z,L,L,2,4,2,3,0.0,1.0,0.5,1.0,0.0,0.5,1.0,0.0,0.5
EA,4.5,E,A,L,L,2,4,1,2,0.0,1.0,0.5,1.0,0.0,0.5,1.0,0.0,0.5
EW,4.5,E,W,L,L,2,3,1,1,0.0,1.0,0,1.0,1.0,0.0,1.0,0.0,0.5
FC,4.5,F,C,L,L,1,2,2,3,0.0,1.0,0,1.0,0.0,0.5,1.0,0.0,1.0
FE,4.5,F,E,L,L,1,2,2,1,0.0,1.0,0,1.0,0.0,0.5,1.0,0.0,1.0
FG,4.5,F,G,L,L,1,1,2,2,0.0,0.0,0.0,1.0,1.0,1.0,0.5,0.0,1.0
FW,4.5,F,W,L,L,1,3,2,1,0.0,1.0,0.5,1.0,0.0,0.5,1.0,0.0,0.5
FX,4.5,F,X,L,L,1,3,2,3,0.0,1.0,0.5,1.0,0.0,0.5,1.0,0.0,0.5
GF,4.5,G,F,L,L,1,1,2,2,0.0,0.0,0.0,1.0,1.0,1.0,0.5,0.0,1.0
GQ,4.5,G,Q,L,L,1,4,2,1,0.0,1.0,1.0,1.0,0.0,0.5,0.5,0.0,0.5
GZ,4.5,G,Z,L,L,1,4,2,3,0.0,1.0,1.0,1.0,0.0,0.5,0.5,0.0,0.5
H/,4.5,H,/,R,R,1,4,2,3,0.0,1.0,1.0,1.0,0.0,0.5,0.5,0.0,0.5
HJ,4.5,H,J,R,R,1,1,2,2,0.0,0.0,0.0,1.0,1.0,1.0,0.5,0.0,1.0
HP,4.5,H,P,R,R,1,4,2,1,0.0,1.0,1.0,1.0,0.0,0.5,0.5,0.0,0.5
I;,4.5,I,;,R,R,2,4,1,2,0.0,1.0,0.5,1.0,0.0,0.5,1.0,0.0,0.5
IO,4.5,I,O,R,R,2,3,1,1,0.0,1.0,0,1.0,1.0,0.0,1.0,0.0,0.5
I[,4.5,I,[,R,R,2,4,1,1,0.0,1.0,0.5,1.0,1.0,0.0,0.5,0.0,0.5
"J,",4.5,J,",",R,R,1,2,2,3,0.0,1.0,0,1.0,0.0,0.5,1.0,0.0,1.0
J.,4.5,J,.,R,R,1,3,2,3,0.0,1.0,0.5,1.0,0.0,0.5,1.0,0.0,0.5
JH,4.5,J,H,R,R,1,1,2,2,0.0,0.0,0.0,1.0,1.0,1.0,0.5,0.0,1.0
JI,4.5,J,I,R,R,1,2,2,1,0.0,1.0,0,1.0,0.0,0.5,1.0,0.0,1.0
JO,4.5,J,O,R,R,1,3,2,1,0.0,1.0,0.5,1.0,0.0,0.5,1.0,0.0,0.5
J[,4.5,J,[,R,R,1,4,2,1,0.0,1.0,1.0,1.0,0.0,0.5,0.5,0.0,0.5
K/,4.5,K,/,R,R,2,4,2,3,0.0,1.0,0.5,1.0,0.0,0.5,1.0,0.0,0.5
KP,4.5,K,P,R,R,2,4,2,1,0.0,1.0,0.5,1.0,0.0,0.5,1.0,0.0,0.5
L',4.5,L,',R,R,3,4,2,2,0.0,1.0,0,1.0,1.0,1.0,0.5,0.0,0.0
M',4.5,M,',R,R,1,4,3,2,0.0,1.0,1.0,1.0,0.0,0.5,0.5,0.0,0.5
MK,4.5,M,K,R,R,1,2,3,2,0.0,1.0,0,1.0,0.0,0.5,1.0,0.0,1.0
ML,4.5,M,L,R,R,1,3,3,2,0.0,1.0,0.5,1.0,0.0,0.5,1.0,0.0,0.5
"N,",4.5,N,",",R,R,1,2,3,3,0.0,1.0,0,1.0,1.0,0.0,0.5,0.0,1.0
N.,4.5,N,.,R,R,1,3,3,3,0.0,1.0,0.5,1.0,1.0,0.0,0.5,0.0,0.5
N;,4.5,N,;,R,R,1,4,3,2,0.0,1.0,1.0,1.0,0.0,0.5,0.5,0.0,0.5
PL,4.5,P,L,R,R,4,3,1,2,0.0,1.0,0,1.0,0.0,0.5,1.0,1.0,0.0
PM,4.5,P,M,R,R,4,1,1,3,0.0,1.0,1.0,0.0,0.0,0.0,1.0,1.0,0.5
QS,4.5,Q,S,L,L,4,3,1,2,0.0,1.0,0,1.0,0.0,0.5,1.0,1.0,0.0
QV,4.5,Q,V,L,L,4,1,1,3,0.0,1.0,1.0,0.0,0.0,0.0,1.0,1.0,0.5
RD,4.5,R,D,L,L,1,2,1,2,0.0,1.0,0,1.0,0.0,0.5,1.0,0.0,1.0
RS,4.5,R,S,L,L,1,3,1,2,0.0,1.0,0.5,1.0,0.0,0.5,1.0,0.0,0.5
TA,4.5,T,A,L,L,1,4,1,2,0.0,1.0,1.0,1.0,0.0,0.5,0.5,0.0,0.5
TE,4.5,T,E,L,L,1,2,1,1,0.0,1.0,0,1.0,1.0,0.0,0.5,0.0,1.0
TW,4.5,T,W,L,L,1,3,1,1,0.0,1.0,0.5,1.0,1.0,0.0,0.5,0.0,0.5
U',4.5,U,',R,R,1,4,1,2,0.0,1.0,1.0,1.0,0.0,0.5,0.5,0.0,0.5
UK,4.5,U,K,R,R,1,2,1,2,0.0,1.0,0,1.0,0.0,0.5,1.0,0.0,1.0
UL,4.5,U,L,R,R,1,3,1,2,0.0,1.0,0.5,1.0,0.0,0.5,1.0,0.0,0.5
VD,4.5,V,D,L,L,1,2,3,2,0.0,1.0,0,1.0,0.0,0.5,1.0,0.0,1.0
VS,4.5,V,S,L,L,1,3,3,2,0.0,1.0,0.5,1.0,0.0,0.5,1.0,0.0,0.5
Y;,4.5,Y,;,R,R,1,4,1,2,0.0,1.0,1.0,1.0,0.0,0.5,0.5,0.0,0.5
YI,4.5,Y,I,R,R,1,2,1,1,0.0,1.0,0,1.0,1.0,0.0,0.5,0.0,1.0
YO,4.5,Y,O,R,R,1,3,1,1,0.0,1.0,0.5,1.0,1.0,0.0,0.5,0.0,0.5
Y[,4.5,Y,[,R,R,1,4,1,1,0.0,1.0,1.0,1.0,1.0,0.0,0.0,0.0,0.5
ZR,4.5,Z,R,L,L,4,1,3,1,0.0,1.0,1.0,0.0,0.0,0.0,1.0,1.0,0.5
ZS,4.5,Z,S,L,L,4,3,3,2,0.0,1.0,0,1.0,0.0,0.5,1.0,1.0,0.0
[O,4.5,[,O,R,R,4,3,1,1,0.0,1.0,0,1.0,1.0,0.0,0.5,1.0,0.0
'.,4.0,',.,R,R,4,3,2,3,0.0,1.0,0,1.0,0.0,0.5,0.5,1.0,0.0
'O,4.0,',O,R,R,4,3,2,1,0.0,1.0,0,1.0,0.0,0.5,0.5,1.0,0.0
",'",4.0,",",',R,R,2,4,3,2,0.0,1.0,0.5,1.0,0.0,0.5,0.5,0.0,0.5
",,",4.0,",",",",R,R,2,2,3,3,0.0,0.0,0.0,1.0,1.0,0.0,1.0,0.0,1.0
",L",4.0,",",L,R,R,2,3,3,2,0.0,1.0,0,1.0,0.0,0.5,1.0,0.0,0.5
",U",4.0,",",U,R,R,2,1,3,1,0.0,1.0,0,0.0,0.0,0.0,1.0,1.0,1.0
./,4.0,.,/,R,R,3,4,3,3,0.0,1.0,0,1.0,1.0,0.0,1.0,0.0,0.0
.U,4.0,.,U,R,R,3,1,3,1,0.0,1.0,0.5,0.0,0.0,0.0,1.0,1.0,0.5
/I,4.0,/,I,R,R,4,2,3,1,0.0,1.0,0.5,0.0,0.0,0.0,1.0,1.0,0.5
/Y,4.0,/,Y,R,R,4,1,3,1,0.0,1.0,1.0,0.0,0.0,0.0,0.5,1.0,0.5
;;,4.0,;,;,R,R,4,4,2,2,0.0,0.0,0.0,1.0,1.0,1.0,1.0,0.0,0.0
AA,4.0,A,A,L,L,4,4,2,2,0.0,0.0,0.0,1.0,1.0,1.0,1.0,0.0,0.0
BD,4.0,B,D,L,L,1,2,3,2,0.0,1.0,0,1.0,0.0,0.5,0.5,0.0,1.0
BS,4.0,B,S,L,L,1,3,3,2,0.0,1.0,0.5,1.0,0.0,0.5,0.5,0.0,0.5
CC,4.0,C,C,L,L,2,2,3,3,0.0,0.0,0.0,1.0,1.0,0.0,1.0,0.0,1.0
CR,4.0,C,R,L,L,2,1,3,1,0.0,1.0,0,0.0,0.0,0.0,1.0,1.0,1.0
CS,4.0,C,S,L,L,2,3,3,2,0.0,1.0,0,1.0,0.0,0.5,1.0,0.0,0.5
DW,4.0,D,W,L,L,2,3,2,1,0.0,1.0,0,1.0,0.0,0.5,1.0,0.0,0.5
DX,4.0,D,X,L,L,2,3,2,3,0.0,1.0,0,1.0,0.0,0.5,1.0,0.0,0.5
EE,4.0,E,E,L,L,2,2,1,1,0.0,0.0,0.0,1.0,1.0,0.0,1.0,0.0,1.0
ES,4.0,E,S,L,L,2,3,1,2,0.0,1.0,0,1.0,0.0,0.5,1.0,0.0,0.5
EV,4.0,E,V,L,L,2,1,1,3,0.0,1.0,0,0.0,0.0,0.0,1.0,1.0,1.0
GC,4.0,G,C,L,L,1,2,2,3,0.0,1.0,0,1.0,0.0,0.5,0.5,0.0,1.0
GE,4.0,G,E,L,L,1,2,2,1,0.0,1.0,0,1.0,0.0,0.5,0.5,0.0,1.0
GG,4.0,G,G,L,L,1,1,2,2,0.0,0.0,0.0,1.0,1.0,1.0,0.0,0.0,1.0
GW,4.0,G,W,L,L,1,3,2,1,0.0,1.0,0.5,1.0,0.0,0.5,0.5,0.0,0.5
GX,4.0,G,X,L,L,1,3,2,3,0.0,1.0,0.5,1.0,0.0,0.5,0.5,0.0,0.5
"H,",4.0,H,",",R,R,1,2,2,3,0.0,1.0,0,1.0,0.0,0.5,0.5,0.0,1.0
H.,4.0,H,.,R,R,1,3,2,3,0.0,1.0,0.5,1.0,0.0,0.5,0.5,0.0,0.5
HH,4.0,H,H,R,R,1,1,2,2,0.0,0.0,0.0,1.0,1.0,1.0,0.0,0.0,1.0
HI,4.0,H,I,R,R,1,2,2,1,0.0,1.0,0,1.0,0.0,0.5,0.5,0.0,1.0
HO,4.0,H,O,R,R,1,3,2,1,0.0,1.0,0.5,1.0,0.0,0.5,0.5,0.0,0.5
H[,4.0,H,[,R,R,1,4,2,1,0.0,1.0,1.0,1.0,0.0,0.5,0.0,0.0,0.5
I',4.0,I,',R,R,2,4,1,2,0.0,1.0,0.5,1.0,0.0,0.5,0.5,0.0,0.5
II,4.0,I,I,R,R,2,2,1,1,0.0,0.0,0.0,1.0,1.0,0.0,1.0,0.0,1.0
IL,4.0,I,L,R,R,2,3,1,2,0.0,1.0,0,1.0,0.0,0.5,1.0,0.0,0.5
IM,4.0,I,M,R,R,2,1,1,3,0.0,1.0,0,0.0,0.0,0.0,1.0,1.0,1.0
K.,4.0,K,.,R,R,2,3,2,3,0.0,1.0,0,1.0,0.0,0.5,1.0,0.0,0.5
KO,4.0,K,O,R,R,2,3,2,1,0.0,1.0,0,1.0,0.0,0.5,1.0,0.0,0.5
K[,4.0,K,[,R,R,2,4,2,1,0.0,1.0,0.5,1.0,0.0,0.5,0.5,0.0,0.5
LL,4.0,L,L,R,R,3,3,2,2,0.0,0.0,0.0,1.0,1.0,1.0,1.0,0.0,0.0
MM,4.0,M,M,R,R,1,1,3,3,0.0,0.0,0.0,1.0,1.0,0.0,1.0,0.0,1.0
N',4.0,N,',R,R,1,4,3,2,0.0,1.0,1.0,1.0,0.0,0.5,0.0,0.0,0.5
NK,4.0,N,K,R,R,1,2,3,2,0.0,1.0,0,1.0,0.0,0.5,0.5,0.0,1.0
NL,4.0,N,L,R,R,1,3,3,2,0.0,1.0,0.5,1.0,0.0,0.5,0.5,0.0,0.5
OM,4.0,O,M,R,R,3,1,1,3,0.0,1.0,0.5,0.0,0.0,0.0,1.0,1.0,0.5
OP,4.0,O,P,R,R,3,4,1,1,0.0,1.0,0,1.0,1.0,0.0,1.0,0.0,0.0
"P,",4.0,P,",",R,R,4,2,1,3,0.0,1.0,0.5,0.0,0.0,0.0,1.0,1.0,0.5
PN,4.0,P,N,R,R,4,1,1,3,0.0,1.0,1.0,0.0,0.0,0.0,0.5,1.0,0.5
QB,4.0,Q,B,L,L,4,1,1,3,0.0,1.0,1.0,0.0,0.0,0.0,0.5,1.0,0.5
QC,4.0,Q,C,L,L,4,2,1,3,0.0,1.0,0.5,0.0,0.0,0.0,1.0,1.0,0.5
RR,4.0,R,R,L,L,1,1,1,1,0.0,0.0,0.0,1.0,1.0,0.0,1.0,0.0,1.0
SS,4.0,S,S,L,L,3,3,2,2,0.0,0.0,0.0,1.0,1.0,1.0,1.0,0.0,0.0
TD,4.0,T,D,L,L,1,2,1,2,0.0,1.0,0,1.0,0.0,0.5,0.5,0.0,1.0
TS,4.0,T,S,L,L,1,3,1,2,0.0,1.0,0.5,1.0,0.0,0.5,0.5,0.0,0.5
UU,4.0,U,U,R,R,1,1,1,1,0.0,0.0,0.0,1.0,1.0,0.0,1.0,0.0,1.0
VV,4.0,V,V,L,L,1,1,3,3,0.0,0.0,0.0,1.0,1.0,0.0,1.0,0.0,1.0
WQ,4.0,W,Q,L,L,3,4,1,1,0.0,1.0,0,1.0,1.0,0.0,1.0,0.0,0.0
WV,4.0,W,V,L,L,3,1,1,3,0.0,1.0,0.5,0.0,0.0,0.0,1.0,1.0,0.5
XR,4.0,X,R,L,L,3,1,3,1,0.0,1.0,0.5,0.0,0.0,0.0,1.0,1.0,0.5
XZ,4.0,X,Z,L,L,3,4,3,3,0.0,1.0,0,1.0,1.0,0.0,1.0,0.0,0.0
Y',4.0,Y,',R,R,1,4,1,2,0.0,1.0,1.0,1.0,0.0,0.5,0.0,0.0,0.5
YK,4.0,Y,K,R,R,1,2,1,2,0.0,1.0,0,1.0,0.0,0.5,0.5,0.0,1.0
YL,4.0,Y,L,R,R,1,3,1,2,0.0,1.0,0.5,1.0,0.0,0.5,0.5,0.0,0.5
ZE,4.0,Z,E,L,L,4,2,3,1,0.0,1.0,0.5,0.0,0.0,0.0,1.0,1.0,0.5
ZT,4.0,Z,T,L,L,4,1,3,1,0.0,1.0,1.0,0.0,0.0,0.0,0.5,1.0,0.5
[L,4.0,[,L,R,R,4,3,1,2,0.0,1.0,0,1.0,0.0,0.5,0.5,1.0,0.0
[M,4.0,[,M,R,R,4,1,1,3,0.0,1.0,1.0,0.0,0.0,0.0,0.5,1.0,0.5
';,3.5,',;,R,R,4,4,2,2,0.0,0.0,0.0,1.0,1.0,1.0,0.5,0.0,0.0
",K",3.5,",",K,R,R,2,2,3,2,0.0,0.0,0.0,1.0,0.0,0.5,1.0,0.0,1.0
",Y",3.5,",",Y,R,R,2,1,3,1,0.0,1.0,0,0.0,0.0,0.0,0.5,1.0,1.0
.;,3.5,.,;,R,R,3,4,3,2,0.0,1.0,0,1.0,0.0,0.5,1.0,0.0,0.0
.I,3.5,.,I,R,R,3,2,3,1,0.0,1.0,0,0.0,0.0,0.0,1.0,1.0,0.5
.Y,3.5,.,Y,R,R,3,1,3,1,0.0,1.0,0.5,0.0,0.0,0.0,0.5,1.0,0.5
;',3.5,;,',R,R,4,4,2,2,0.0,0.0,0.0,1.0,1.0,1.0,0.5,0.0,0.0
BV,3.5,B,V,L,L,1,1,3,3,0.0,0.0,0.0,1.0,1.0,0.0,0.5,0.0,1.0
CD,3.5,C,D,L,L,2,2,3,2,0.0,0.0,0.0,1.0,0.0,0.5,1.0,0.0,1.0
CT,3.5,C,T,L,L,2,1,3,1,0.0,1.0,0,0.0,0.0,0.0,0.5,1.0,1.0
DC,3.5,D,C,L,L,2,2,2,3,0.0,0.0,0.0,1.0,0.0,0.5,1.0,0.0,1.0
DE,3.5,D,E,L,L,2,2,2,1,0.0,0.0,0.0,1.0,0.0,0.5,1.0,0.0,1.0
EB,3.5,E,B,L,L,2,1,1,3,0.0,1.0,0,0.0,0.0,0.0,0.5,1.0,1.0
ED,3.5,E,D,L,L,2,2,1,2,0.0,0.0,0.0,1.0,0.0,0.5,1.0,0.0,1.0
FR,3.5,F,R,L,L,1,1,2,1,0.0,0.0,0.0,1.0,0.0,0.5,1.0,0.0,1.0
FV,3.5,F,V,L,L,1,1,2,3,0.0,0.0,0.0,1.0,0.0,0.5,1.0,0.0,1.0
IK,3.5,I,K,R,R,2,2,1,2,0.0,0.0,0.0,1.0,0.0,0.5,1.0,0.0,1.0
IN,3.5,I,N,R,R,2,1,1,3,0.0,1.0,0,0.0,0.0,0.0,0.5,1.0,1.0
JM,3.5,J,M,R,R,1,1,2,3,0.0,0.0,0.0,1.0,0.0,0.5,1.0,0.0,1.0
JU,3.5,J,U,R,R,1,1,2,1,0.0,0.0,0.0,1.0,0.0,0.5,1.0,0.0,1.0
"K,",3.5,K,",",R,R,2,2,2,3,0.0,0.0,0.0,1.0,0.0,0.5,1.0,0.0,1.0
KI,3.5,K,I,R,R,2,2,2,1,0.0,0.0,0.0,1.0,0.0,0.5,1.0,0.0,1.0
L/,3.5,L,/,R,R,3,4,2,3,0.0,1.0,0,1.0,0.0,0.5,1.0,0.0,0.0
LP,3.5,L,P,R,R,3,4,2,1,0.0,1.0,0,1.0,0.0,0.5,1.0,0.0,0.0
MJ,3.5,M,J,R,R,1,1,3,2,0.0,0.0,0.0,1.0,0.0,0.5,1.0,0.0,1.0
MN,3.5,M,N,R,R,1,1,3,3,0.0,0.0,0.0,1.0,1.0,0.0,0.5,0.0,1.0
MP,3.5,M,P,R,R,1,4,3,1,0.0,1.0,1.0,0.0,0.0,0.0,1.0,0.0,0.5
NM,3.5,N,M,R,R,1,1,3,3,0.0,0.0,0.0,1.0,1.0,0.0,0.5,0.0,1.0
"O,",3.5,O,",",R,R,3,2,1,3,0.0,1.0,0,0.0,0.0,0.0,1.0,1.0,0.5
O;,3.5,O,;,R,R,3,4,1,2,0.0,1.0,0,1.0,0.0,0.5,1.0,0.0,0.0
ON,3.5,O,N,R,R,3,1,1,3,0.0,1.0,0.5,0.0,0.0,0.0,0.5,1.0,0.5
O[,3.5,O,[,R,R,3,4,1,1,0.0,1.0,0,1.0,1.0,0.0,0.5,0.0,0.0
RF,3.5,R,F,L,L,1,1,1,2,0.0,0.0,0.0,1.0,0.0,0.5,1.0,0.0,1.0
RT,3.5,R,T,L,L,1,1,1,1,0.0,0.0,0.0,1.0,1.0,0.0,0.5,0.0,1.0
RZ,3.5,R,Z,L,L,1,4,1,3,0.0,1.0,1.0,0.0,0.0,0.0,1.0,0.0,0.5
SQ,3.5,S,Q,L,L,3,4,2,1,0.0,1.0,0,1.0,0.0,0.5,1.0,0.0,0.0
SZ,3.5,S,Z,L,L,3,4,2,3,0.0,1.0,0,1.0,0.0,0.5,1.0,0.0,0.0
TR,3.5,T,R,L,L,1,1,1,1,0.0,0.0,0.0,1.0,1.0,0.0,0.5,0.0,1.0
U/,3.5,U,/,R,R,1,4,1,3,0.0,1.0,1.0,0.0,0.0,0.0,1.0,0.0,0.5
UJ,3.5,U,J,R,R,1,1,1,2,0.0,0.0,0.0,1.0,0.0,0.5,1.0,0.0,1.0
UY,3.5,U,Y,R,R,1,1,1,1,0.0,0.0,0.0,1.0,1.0,0.0,0.5,0.0,1.0
VB,3.5,V,B,L,L,1,1,3,3,0.0,0.0,0.0,1.0,1.0,0.0,0.5,0.0,1.0
VF,3.5,V,F,L,L,1,1,3,2,0.0,0.0,0.0,1.0,0.0,0.5,1.0,0.0,1.0
VQ,3.5,V,Q,L,L,1,4,3,1,0.0,1.0,1.0,0.0,0.0,0.0,1.0,0.0,0.5
WA,3.5,W,A,L,L,3,4,1,2,0.0,1.0,0,1.0,0.0,0.5,1.0,0.0,0.0
WB,3.5,W,B,L,L,3,1,1,3,0.0,1.0,0.5,0.0,0.0,0.0,0.5,1.0,0.5
WC,3.5,W,C,L,L,3,2,1,3,0.0,1.0,0,0.0,0.0,0.0,1.0,1.0,0.5
XA,3.5,X,A,L,L,3,4,3,2,0.0,1.0,0,1.0,0.0,0.5,1.0,0.0,0.0
XE,3.5,X,E,L,L,3,2,3,1,0.0,1.0,0,0.0,0.0,0.0,1.0,1.0,0.5
XT,3.5,X,T,L,L,3,1,3,1,0.0,1.0,0.5,0.0,0.0,0.0,0.5,1.0,0.5
YU,3.5,Y,U,R,R,1,1,1,1,0.0,0.0,0.0,1.0,1.0,0.0,0.5,0.0,1.0
"[,",3.5,[,",",R,R,4,2,1,3,0.0,1.0,0.5,0.0,0.0,0.0,0.5,1.0,0.5
[N,3.5,[,N,R,R,4,1,1,3,0.0,1.0,1.0,0.0,0.0,0.0,0.0,1.0,0.5
'',3.0,',',R,R,4,4,2,2,0.0,0.0,0.0,1.0,1.0,1.0,0.0,0.0,0.0
",P",3.0,",",P,R,R,2,4,3,1,0.0,1.0,0.5,0.0,0.0,0.0,1.0,0.0,0.5
.',3.0,.,',R,R,3,4,3,2,0.0,1.0,0,1.0,0.0,0.5,0.5,0.0,0.0
..,3.0,.,.,R,R,3,3,3,3,0.0,0.0,0.0,1.0,1.0,0.0,1.0,0.0,0.0
//,3.0,/,/,R,R,4,4,3,3,0.0,0.0,0.0,1.0,1.0,0.0,1.0,0.0,0.0
/O,3.0,/,O,R,R,4,3,3,1,0.0,1.0,0,0.0,0.0,0.0,1.0,1.0,0.0
BB,3.0,B,B,L,L,1,1,3,3,0.0,0.0,0.0,1.0,1.0,0.0,0.0,0.0,1.0
BF,3.0,B,F,L,L,1,1,3,2,0.0,0.0,0.0,1.0,0.0,0.5,0.5,0.0,1.0
BQ,3.0,B,Q,L,L,1,4,3,1,0.0,1.0,1.0,0.0,0.0,0.0,0.5,0.0,0.5
CQ,3.0,C,Q,L,L,2,4,3,1,0.0,1.0,0.5,0.0,0.0,0.0,1.0,0.0,0.5
EZ,3.0,E,Z,L,L,2,4,1,3,0.0,1.0,0.5,0.0,0.0,0.0,1.0,0.0,0.5
FB,3.0,F,B,L,L,1,1,2,3,0.0,0.0,0.0,1.0,0.0,0.5,0.5,0.0,1.0
FT,3.0,F,T,L,L,1,1,2,1,0.0,0.0,0.0,1.0,0.0,0.5,0.5,0.0,1.0
GR,3.0,G,R,L,L,1,1,2,1,0.0,0.0,0.0,1.0,0.0,0.5,0.5,0.0,1.0
GV,3.0,G,V,L,L,1,1,2,3,0.0,0.0,0.0,1.0,0.0,0.5,0.5,0.0,1.0
HM,3.0,H,M,R,R,1,1,2,3,0.0,0.0,0.0,1.0,0.0,0.5,0.5,0.0,1.0
HU,3.0,H,U,R,R,1,1,2,1,0.0,0.0,0.0,1.0,0.0,0.5,0.5,0.0,1.0
I/,3.0,I,/,R,R,2,4,1,3,0.0,1.0,0.5,0.0,0.0,0.0,1.0,0.0,0.5
JN,3.0,J,N,R,R,1,1,2,3,0.0,0.0,0.0,1.0,0.0,0.5,0.5,0.0,1.0
JY,3.0,J,Y,R,R,1,1,2,1,0.0,0.0,0.0,1.0,0.0,0.5,0.5,0.0,1.0
L[,3.0,L,[,R,R,3,4,2,1,0.0,1.0,0,1.0,0.0,0.5,0.5,0.0,0.0
MH,3.0,M,H,R,R,1,1,3,2,0.0,0.0,0.0,1.0,0.0,0.5,0.5,0.0,1.0
MI,3.0,M,I,R,R,1,2,3,1,0.0,1.0,0,0.0,0.0,0.0,1.0,0.0,1.0
MO,3.0,M,O,R,R,1,3,3,1,0.0,1.0,0.5,0.0,0.0,0.0,1.0,0.0,0.5
M[,3.0,M,[,R,R,1,4,3,1,0.0,1.0,1.0,0.0,0.0,0.0,0.5,0.0,0.5
NJ,3.0,N,J,R,R,1,1,3,2,0.0,0.0,0.0,1.0,0.0,0.5,0.5,0.0,1.0
NN,3.0,N,N,R,R,1,1,3,3,0.0,0.0,0.0,1.0,1.0,0.0,0.0,0.0,1.0
NP,3.0,N,P,R,R,1,4,3,1,0.0,1.0,1.0,0.0,0.0,0.0,0.5,0.0,0.5
O',3.0,O,',R,R,3,4,1,2,0.0,1.0,0,1.0,0.0,0.5,0.5,0.0,0.0
OO,3.0,O,O,R,R,3,3,1,1,0.0,0.0,0.0,1.0,1.0,0.0,1.0,0.0,0.0
P.,3.0,P,.,R,R,4,3,1,3,0.0,1.0,0,0.0,0.0,0.0,1.0,1.0,0.0
PP,3.0,P,P,R,R,4,4,1,1,0.0,0.0,0.0,1.0,1.0,0.0,1.0,0.0,0.0
QQ,3.0,Q,Q,L,L,4,4,1,1,0.0,0.0,0.0,1.0,1.0,0.0,1.0,0.0,0.0
QX,3.0,Q,X,L,L,4,3,1,3,0.0,1.0,0,0.0,0.0,0.0,1.0,1.0,0.0
RC,3.0,R,C,L,L,1,2,1,3,0.0,1.0,0,0.0,0.0,0.0,1.0,0.0,1.0
RG,3.0,R,G,L,L,1,1,1,2,0.0,0.0,0.0,1.0,0.0,0.5,0.5,0.0,1.0
RX,3.0,R,X,L,L,1,3,1,3,0.0,1.0,0.5,0.0,0.0,0.0,1.0,0.0,0.5
TF,3.0,T,F,L,L,1,1,1,2,0.0,0.0,0.0,1.0,0.0,0.5,0.5,0.0,1.0
TT,3.0,T,T,L,L,1,1,1,1,0.0,0.0,0.0,1.0,1.0,0.0,0.0,0.0,1.0
TZ,3.0,T,Z,L,L,1,4,1,3,0.0,1.0,1.0,0.0,0.0,0.0,0.5,0.0,0.5
"U,",3.0,U,",",R,R,1,2,1,3,0.0,1.0,0,0.0,0.0,0.0,1.0,0.0,1.0
U.,3.0,U,.,R,R,1,3,1,3,0.0,1.0,0.5,0.0,0.0,0.0,1.0,0.0,0.5
UH,3.0,U,H,R,R,1,1,1,2,0.0,0.0,0.0,1.0,0.0,0.5,0.5,0.0,1.0
VE,3.0,V,E,L,L,1,2,3,1,0.0,1.0,0,0.0,0.0,0.0,1.0,0.0,1.0
VG,3.0,V,G,L,L,1,1,3,2,0.0,0.0,0.0,1.0,0.0,0.5,0.5,0.0,1.0
VW,3.0,V,W,L,L,1,3,3,1,0.0,1.0,0.5,0.0,0.0,0.0,1.0,0.0,0.5
WW,3.0,W,W,L,L,3,3,1,1,0.0,0.0,0.0,1.0,1.0,0.0,1.0,0.0,0.0
XX,3.0,X,X,L,L,3,3,3,3,0.0,0.0,0.0,1.0,1.0,0.0,1.0,0.0,0.0
Y/,3.0,Y,/,R,R,1,4,1,3,0.0,1.0,1.0,0.0,0.0,0.0,0.5,0.0,0.5
YJ,3.0,Y,J,R,R,1,1,1,2,0.0,0.0,0.0,1.0,0.0,0.5,0.5,0.0,1.0
YY,3.0,Y,Y,R,R,1,1,1,1,0.0,0.0,0.0,1.0,1.0,0.0,0.0,0.0,1.0
ZW,3.0,Z,W,L,L,4,3,3,1,0.0,1.0,0,0.0,0.0,0.0,1.0,1.0,0.0
ZZ,3.0,Z,Z,L,L,4,4,3,3,0.0,0.0,0.0,1.0,1.0,0.0,1.0,0.0,0.0
",O",2.5,",",O,R,R,2,3,3,1,0.0,1.0,0,0.0,0.0,0.0,1.0,0.0,0.5
",[",2.5,",",[,R,R,2,4,3,1,0.0,1.0,0.5,0.0,0.0,0.0,0.5,0.0,0.5
.L,2.5,.,L,R,R,3,3,3,2,0.0,0.0,0.0,1.0,0.0,0.5,1.0,0.0,0.0
/;,2.5,/,;,R,R,4,4,3,2,0.0,0.0,0.0,1.0,0.0,0.5,1.0,0.0,0.0
;/,2.5,;,/,R,R,4,4,2,3,0.0,0.0,0.0,1.0,0.0,0.5,1.0,0.0,0.0
;P,2.5,;,P,R,R,4,4,2,1,0.0,0.0,0.0,1.0,0.0,0.5,1.0,0.0,0.0
AQ,2.5,A,Q,L,L,4,4,2,1,0.0,0.0,0.0,1.0,0.0,0.5,1.0,0.0,0.0
AZ,2.5,A,Z,L,L,4,4,2,3,0.0,0.0,0.0,1.0,0.0,0.5,1.0,0.0,0.0
BE,2.5,B,E,L,L,1,2,3,1,0.0,1.0,0,0.0,0.0,0.0,0.5,0.0,1.0
BG,2.5,B,G,L,L,1,1,3,2,0.0,0.0,0.0,1.0,0.0,0.5,0.0,0.0,1.0
BW,2.5,B,W,L,L,1,3,3,1,0.0,1.0,0.5,0.0,0.0,0.0,0.5,0.0,0.5
CW,2.5,C,W,L,L,2,3,3,1,0.0,1.0,0,0.0,0.0,0.0,1.0,0.0,0.5
EX,2.5,E,X,L,L,2,3,1,3,0.0,1.0,0,0.0,0.0,0.0,1.0,0.0,0.5
GB,2.5,G,B,L,L,1,1,2,3,0.0,0.0,0.0,1.0,0.0,0.5,0.0,0.0,1.0
GT,2.5,G,T,L,L,1,1,2,1,0.0,0.0,0.0,1.0,0.0,0.5,0.0,0.0,1.0
HN,2.5,H,N,R,R,1,1,2,3,0.0,0.0,0.0,1.0,0.0,0.5,0.0,0.0,1.0
HY,2.5,H,Y,R,R,1,1,2,1,0.0,0.0,0.0,1.0,0.0,0.5,0.0,0.0,1.0
I.,2.5,I,.,R,R,2,3,1,3,0.0,1.0,0,0.0,0.0,0.0,1.0,0.0,0.5
L.,2.5,L,.,R,R,3,3,2,3,0.0,0.0,0.0,1.0,0.0,0.5,1.0,0.0,0.0
LO,2.5,L,O,R,R,3,3,2,1,0.0,0.0,0.0,1.0,0.0,0.5,1.0,0.0,0.0
NH,2.5,N,H,R,R,1,1,3,2,0.0,0.0,0.0,1.0,0.0,0.5,0.0,0.0,1.0
NI,2.5,N,I,R,R,1,2,3,1,0.0,1.0,0,0.0,0.0,0.0,0.5,0.0,1.0
NO,2.5,N,O,R,R,1,3,3,1,0.0,1.0,0.5,0.0,0.0,0.0,0.5,0.0,0.5
N[,2.5,N,[,R,R,1,4,3,1,0.0,1.0,1.0,0.0,0.0,0.0,0.0,0.0,0.5
OL,2.5,O,L,R,R,3,3,1,2,0.0,0.0,0.0,1.0,0.0,0.5,1.0,0.0,0.0
P;,2.5,P,;,R,R,4,4,1,2,0.0,0.0,0.0,1.0,0.0,0.5,1.0,0.0,0.0
P[,2.5,P,[,R,R,4,4,1,1,0.0,0.0,0.0,1.0,1.0,0.0,0.5,0.0,0.0
QA,2.5,Q,A,L,L,4,4,1,2,0.0,0.0,0.0,1.0,0.0,0.5,1.0,0.0,0.0
SW,2.5,S,W,L,L,3,3,2,1,0.0,0.0,0.0,1.0,0.0,0.5,1.0,0.0,0.0
SX,2.5,S,X,L,L,3,3,2,3,0.0,0.0,0.0,1.0,0.0,0.5,1.0,0.0,0.0
TC,2.5,T,C,L,L,1,2,1,3,0.0,1.0,0,0.0,0.0,0.0,0.5,0.0,1.0
TG,2.5,T,G,L,L,1,1,1,2,0.0,0.0,0.0,1.0,0.0,0.5,0.0,0.0,1.0
TX,2.5,T,X,L,L,1,3,1,3,0.0,1.0,0.5,0.0,0.0,0.0,0.5,0.0,0.5
WS,2.5,W,S,L,L,3,3,1,2,0.0,0.0,0.0,1.0,0.0,0.5,1.0,0.0,0.0
XS,2.5,X,S,L,L,3,3,3,2,0.0,0.0,0.0,1.0,0.0,0.5,1.0,0.0,0.0
"Y,",2.5,Y,",",R,R,1,2,1,3,0.0,1.0,0,0.0,0.0,0.0,0.5,0.0,1.0
Y.,2.5,Y,.,R,R,1,3,1,3,0.0,1.0,0.5,0.0,0.0,0.0,0.5,0.0,0.5
YH,2.5,Y,H,R,R,1,1,1,2,0.0,0.0,0.0,1.0,0.0,0.5,0.0,0.0,1.0
ZA,2.5,Z,A,L,L,4,4,3,2,0.0,0.0,0.0,1.0,0.0,0.5,1.0,0.0,0.0
[.,2.5,[,.,R,R,4,3,1,3,0.0,1.0,0,0.0,0.0,0.0,0.5,1.0,0.0
[P,2.5,[,P,R,R,4,4,1,1,0.0,0.0,0.0,1.0,1.0,0.0,0.5,0.0,0.0
'/,2.0,',/,R,R,4,4,2,3,0.0,0.0,0.0,1.0,0.0,0.5,0.5,0.0,0.0
'P,2.0,',P,R,R,4,4,2,1,0.0,0.0,0.0,1.0,0.0,0.5,0.5,0.0,0.0
",I",2.0,",",I,R,R,2,2,3,1,0.0,0.0,0.0,0.0,0.0,0.0,1.0,0.0,1.0
.P,2.0,.,P,R,R,3,4,3,1,0.0,1.0,0,0.0,0.0,0.0,1.0,0.0,0.0
/',2.0,/,',R,R,4,4,3,2,0.0,0.0,0.0,1.0,0.0,0.5,0.5,0.0,0.0
;[,2.0,;,[,R,R,4,4,2,1,0.0,0.0,0.0,1.0,0.0,0.5,0.5,0.0,0.0
CE,2.0,C,E,L,L,2,2,3,1,0.0,0.0,0.0,0.0,0.0,0.0,1.0,0.0,1.0
EC,2.0,E,C,L,L,2,2,1,3,0.0,0.0,0.0,0.0,0.0,0.0,1.0,0.0,1.0
"I,",2.0,I,",",R,R,2,2,1,3,0.0,0.0,0.0,0.0,0.0,0.0,1.0,0.0,1.0
MU,2.0,M,U,R,R,1,1,3,1,0.0,0.0,0.0,0.0,0.0,0.0,1.0,0.0,1.0
O/,2.0,O,/,R,R,3,4,1,3,0.0,1.0,0,0.0,0.0,0.0,1.0,0.0,0.0
P',2.0,P,',R,R,4,4,1,2,0.0,0.0,0.0,1.0,0.0,0.5,0.5,0.0,0.0
RV,2.0,R,V,L,L,1,1,1,3,0.0,0.0,0.0,0.0,0.0,0.0,1.0,0.0,1.0
UM,2.0,U,M,R,R,1,1,1,3,0.0,0.0,0.0,0.0,0.0,0.0,1.0,0.0,1.0
VR,2.0,V,R,L,L,1,1,3,1,0.0,0.0,0.0,0.0,0.0,0.0,1.0,0.0,1.0
WZ,2.0,W,Z,L,L,3,4,1,3,0.0,1.0,0,0.0,0.0,0.0,1.0,0.0,0.0
XQ,2.0,X,Q,L,L,3,4,3,1,0.0,1.0,0,0.0,0.0,0.0,1.0,0.0,0.0
[;,2.0,[,;,R,R,4,4,1,2,0.0,0.0,0.0,1.0,0.0,0.5,0.5,0.0,0.0
[[,2.0,[,[,R,R,4,4,1,1,0.0,0.0,0.0,1.0,1.0,0.0,0.0,0.0,0.0
'[,1.5,',[,R,R,4,4,2,1,0.0,0.0,0.0,1.0,0.0,0.5,0.0,0.0,0.0
.[,1.5,.,[,R,R,3,4,3,1,0.0,1.0,0,0.0,0.0,0.0,0.5,0.0,0.0
BR,1.5,B,R,L,L,1,1,3,1,0.0,0.0,0.0,0.0,0.0,0.0,0.5,0.0,1.0
MY,1.5,M,Y,R,R,1,1,3,1,0.0,0.0,0.0,0.0,0.0,0.0,0.5,0.0,1.0
NU,1.5,N,U,R,R,1,1,3,1,0.0,0.0,0.0,0.0,0.0,0.0,0.5,0.0,1.0
RB,1.5,R,B,L,L,1,1,1,3,0.0,0.0,0.0,0.0,0.0,0.0,0.5,0.0,1.0
TV,1.5,T,V,L,L,1,1,1,3,0.0,0.0,0.0,0.0,0.0,0.0,0.5,0.0,1.0
UN,1.5,U,N,R,R,1,1,1,3,0.0,0.0,0.0,0.0,0.0,0.0,0.5,0.0,1.0
VT,1.5,V,T,L,L,1,1,3,1,0.0,0.0,0.0,0.0,0.0,0.0,0.5,0.0,1.0
YM,1.5,Y,M,R,R,1,1,1,3,0.0,0.0,0.0,0.0,0.0,0.0,0.5,0.0,1.0
[',1.5,[,',R,R,4,4,1,2,0.0,0.0,0.0,1.0,0.0,0.5,0.0,0.0,0.0
.O,1.0,.,O,R,R,3,3,3,1,0.0,0.0,0.0,0.0,0.0,0.0,1.0,0.0,0.0
/P,1.0,/,P,R,R,4,4,3,1,0.0,0.0,0.0,0.0,0.0,0.0,1.0,0.0,0.0
BT,1.0,B,T,L,L,1,1,3,1,0.0,0.0,0.0,0.0,0.0,0.0,0.0,0.0,1.0
NY,1.0,N,Y,R,R,1,1,3,1,0.0,0.0,0.0,0.0,0.0,0.0,0.0,0.0,1.0
O.,1.0,O,.,R,R,3,3,1,3,0.0,0.0,0.0,0.0,0.0,0.0,1.0,0.0,0.0
P/,1.0,P,/,R,R,4,4,1,3,0.0,0.0,0.0,0.0,0.0,0.0,1.0,0.0,0.0
QZ,1.0,Q,Z,L,L,4,4,1,3,0.0,0.0,0.0,0.0,0.0,0.0,1.0,0.0,0.0
TB,1.0,T,B,L,L,1,1,1,3,0.0,0.0,0.0,0.0,0.0,0.0,0.0,0.0,1.0
WX,1.0,W,X,L,L,3,3,1,3,0.0,0.0,0.0,0.0,0.0,0.0,1.0,0.0,0.0
XW,1.0,X,W,L,L,3,3,3,1,0.0,0.0,0.0,0.0,0.0,0.0,1.0,0.0,0.0
YN,1.0,Y,N,R,R,1,1,1,3,0.0,0.0,0.0,0.0,0.0,0.0,0.0,0.0,1.0
ZQ,1.0,Z,Q,L,L,4,4,3,1,0.0,0.0,0.0,0.0,0.0,0.0,1.0,0.0,0.0
/[,0.5,/,[,R,R,4,4,3,1,0.0,0.0,0.0,0.0,0.0,0.0,0.5,0.0,0.0
[/,0.5,[,/,R,R,4,4,1,3,0.0,0.0,0.0,0.0,0.0,0.0,0.5,0.0,0.0
